edge_id,source_id,source_label,target_id,target_label,relation_type,strength,legacy_relations,rationale
assoc:0001,activity:astronomy_observation,天文观测,concept:meteor_shower,流星雨,SIMILARITY,0.8,includes_topic | observation_topic,"Projected to broad associative closeness. The precise legacy predicate is retained only as metadata, not as an engine relation type."
assoc:0002,activity:astronomy_observation,天文观测,memory:mem_6d6372725fae,小天文喵是华理天文社社娘，本职是带观测和看天气,SIMILARITY,0.8,evokes_memory | has_cue,"Projected to broad associative closeness. The precise legacy predicate is retained only as metadata, not as an engine relation type."
assoc:0003,activity:astronomy_observation,天文观测,memory:mem_d50c4a439f36,助手对天文观测（尤其是流星雨）有浓厚兴趣，经常蹲流星雨,SIMILARITY,0.8,evokes_memory | has_cue,"Projected to broad associative closeness. The precise legacy predicate is retained only as metadata, not as an engine relation type."
assoc:0004,activity:astronomy_observation,天文观测,proposition:mem_6d6372725fae,小天文喵是华理天文社社娘，本职是带观测和看天气,SIMILARITY,0.8,activity | evokes_activity,"Projected to broad associative closeness. The precise legacy predicate is retained only as metadata, not as an engine relation type."
assoc:0005,activity:astronomy_observation,天文观测,proposition:mem_d50c4a439f36,助手对天文观测（尤其是流星雨）有浓厚兴趣，经常蹲流星雨,SIMILARITY,0.8,activity | evokes_activity,"Projected to broad associative closeness. The precise legacy predicate is retained only as metadata, not as an engine relation type."
assoc:0006,activity:astronomy_observation,天文观测,self:xiaotianwen,小天文,SIMILARITY,0.8,associated_self | interested_in,"Projected to broad associative closeness. The precise legacy predicate is retained only as metadata, not as an engine relation type."
assoc:0007,activity:commuting,走读,memory:amaryllis_commute,Amaryllis 开学后走读,SIMILARITY,0.8,evokes_memory | has_cue,"Projected to broad associative closeness. The precise legacy predicate is retained only as metadata, not as an engine relation type."
assoc:0008,activity:commuting,走读,memory:mem_ace71c9d6f88,Amaryllis开学后走读,SIMILARITY,0.8,evokes_memory | has_cue,"Projected to broad associative closeness. The precise legacy predicate is retained only as metadata, not as an engine relation type."
assoc:0009,activity:commuting,走读,person:amaryllis,Amaryllis,SIMILARITY,0.8,associated_person | status,"Projected to broad associative closeness. The precise legacy predicate is retained only as metadata, not as an engine relation type."
assoc:0010,activity:commuting,走读,proposition:mem_ace71c9d6f88,Amaryllis开学后走读,SIMILARITY,0.8,evokes_status | status,"Projected to broad associative closeness. The precise legacy predicate is retained only as metadata, not as an engine relation type."
assoc:0011,activity:film_photography,胶片摄影,person:2960945437,2960945437 / NICEICK,SIMILARITY,0.6,associated_person | engages_in,"Projected to broad associative closeness. The precise legacy predicate is retained only as metadata, not as an engine relation type."
assoc:0012,activity:group_discussion,群聊讨论,memory:mem_6e99f10c49c8,用户“你们在说什么啊，看得我一个女大学生羞死了”在玩原神，并希望找群讨论原神剧情,SIMILARITY,0.6,evokes_memory | has_cue,"Projected to broad associative closeness. The precise legacy predicate is retained only as metadata, not as an engine relation type."
assoc:0013,activity:group_discussion,群聊讨论,proposition:mem_6e99f10c49c8,用户“你们在说什么啊，看得我一个女大学生羞死了”在玩原神，并希望找群讨论原神剧情,SIMILARITY,0.6,evokes_wants | wants,"Projected to broad associative closeness. The precise legacy predicate is retained only as metadata, not as an engine relation type."
assoc:0014,activity:guitar_practice,练琴,memory:mem_d147247a2645,助手（社娘）觉得星乃一歌闷头练琴的认真劲很吸引人，属于阳光治愈向。,SIMILARITY,0.6,evokes_memory | has_cue,"Projected to broad associative closeness. The precise legacy predicate is retained only as metadata, not as an engine relation type."
assoc:0015,activity:guitar_practice,练琴,proposition:mem_d147247a2645,助手（社娘）觉得星乃一歌闷头练琴的认真劲很吸引人，属于阳光治愈向。,SIMILARITY,0.6,activity | evokes_activity,"Projected to broad associative closeness. The precise legacy predicate is retained only as metadata, not as an engine relation type."
assoc:0016,activity:message_relay,消息中转 / 转告,memory:mem_a1d2f3f734f9,不爱记笔记希望由助手单独中转消息给longz，而不是直接在群里说,SIMILARITY,0.8,evokes_memory | has_cue,"Projected to broad associative closeness. The precise legacy predicate is retained only as metadata, not as an engine relation type."
assoc:0017,activity:message_relay,消息中转 / 转告,proposition:mem_a1d2f3f734f9,不爱记笔记希望由助手单独中转消息给longz，而不是直接在群里说,SIMILARITY,0.8,action | evokes_action,"Projected to broad associative closeness. The precise legacy predicate is retained only as metadata, not as an engine relation type."
assoc:0018,activity:photography,摄影 / 拍照,memory:mem_c8086103904d,NICEICK不喜欢拍黑白照片,SIMILARITY,0.6,evokes_memory | has_cue,"Projected to broad associative closeness. The precise legacy predicate is retained only as metadata, not as an engine relation type."
assoc:0019,activity:photography,摄影 / 拍照,proposition:mem_c8086103904d,NICEICK不喜欢拍黑白照片,SIMILARITY,0.6,activity | evokes_activity,"Projected to broad associative closeness. The precise legacy predicate is retained only as metadata, not as an engine relation type."
assoc:0020,activity:purchase,购买,memory:mem_3024dc4d9ba8,苦雪购买了佩丽卡的毛巾，是终末地嘉年华上的速干毛巾,SIMILARITY,0.6,evokes_memory | has_cue,"Projected to broad associative closeness. The precise legacy predicate is retained only as metadata, not as an engine relation type."
assoc:0021,activity:purchase,购买,proposition:mem_3024dc4d9ba8,苦雪购买了佩丽卡的毛巾，是终末地嘉年华上的速干毛巾,SIMILARITY,0.6,action | evokes_action,"Projected to broad associative closeness. The precise legacy predicate is retained only as metadata, not as an engine relation type."
assoc:0022,activity:summarize,总结,memory:mem_2148ce995f93,苦雪阅读论文时通常采用先翻译、再总结的方式。,SIMILARITY,0.8,evokes_memory | has_cue,"Projected to broad associative closeness. The precise legacy predicate is retained only as metadata, not as an engine relation type."
assoc:0023,activity:summarize,总结,proposition:mem_2148ce995f93,苦雪阅读论文时通常采用先翻译、再总结的方式。,SIMILARITY,0.8,evokes_step | step,"Projected to broad associative closeness. The precise legacy predicate is retained only as metadata, not as an engine relation type."
assoc:0024,activity:translate,翻译,memory:mem_2148ce995f93,苦雪阅读论文时通常采用先翻译、再总结的方式。,SIMILARITY,0.8,evokes_memory | has_cue,"Projected to broad associative closeness. The precise legacy predicate is retained only as metadata, not as an engine relation type."
assoc:0025,activity:translate,翻译,proposition:mem_2148ce995f93,苦雪阅读论文时通常采用先翻译、再总结的方式。,SIMILARITY,0.8,evokes_step | step,"Projected to broad associative closeness. The precise legacy predicate is retained only as metadata, not as an engine relation type."
assoc:0026,activity:visual_observation,目视观测,concept:moon,月亮,SIMILARITY,0.6,observed_by | target,"Projected to broad associative closeness. The precise legacy predicate is retained only as metadata, not as an engine relation type."
assoc:0027,activity:visual_observation,目视观测,concept:planet,行星,SIMILARITY,0.6,observed_by | target,"Projected to broad associative closeness. The precise legacy predicate is retained only as metadata, not as an engine relation type."
assoc:0028,activity:visual_observation,目视观测,concept:sun,太阳,SIMILARITY,0.6,observed_by | target,"Projected to broad associative closeness. The precise legacy predicate is retained only as metadata, not as an engine relation type."
assoc:0029,activity:visual_observation,目视观测,memory:club_visual_observation,其所在社团主要目视观测太阳、月亮和行星,SIMILARITY,0.8,evokes_memory | has_cue,"Projected to broad associative closeness. The precise legacy predicate is retained only as metadata, not as an engine relation type."
assoc:0030,activity:visual_observation,目视观测,object:celestron_8se,星特朗 8SE 望远镜,SIMILARITY,0.6,used_for | uses_equipment,"Projected to broad associative closeness. The precise legacy predicate is retained only as metadata, not as an engine relation type."
assoc:0031,activity:visual_observation,目视观测,person:3332628631,3332628631 / 不爱记笔记,SIMILARITY,0.6,associated_person | club_activity,"Projected to broad associative closeness. The precise legacy predicate is retained only as metadata, not as an engine relation type."
assoc:0032,activity:weather_monitoring,看天气,memory:mem_6d6372725fae,小天文喵是华理天文社社娘，本职是带观测和看天气,SIMILARITY,0.8,evokes_memory | has_cue,"Projected to broad associative closeness. The precise legacy predicate is retained only as metadata, not as an engine relation type."
assoc:0033,activity:weather_monitoring,看天气,proposition:mem_6d6372725fae,小天文喵是华理天文社社娘，本职是带观测和看天气,SIMILARITY,0.8,activity | evokes_activity,"Projected to broad associative closeness. The precise legacy predicate is retained only as metadata, not as an engine relation type."
assoc:0034,alias:2091491577_long_name,你们在说什么啊，看得我一个女大学生羞死了,memory:mem_6e99f10c49c8,用户“你们在说什么啊，看得我一个女大学生羞死了”在玩原神，并希望找群讨论原神剧情,SIMILARITY,0.95,evokes_memory | has_cue,"Projected to broad associative closeness. The precise legacy predicate is retained only as metadata, not as an engine relation type."
assoc:0035,alias:2091491577_long_name,你们在说什么啊，看得我一个女大学生羞死了,person:2091491577,2091491577,SIMILARITY,0.95,known_as | refers_to,"Projected to broad associative closeness. The precise legacy predicate is retained only as metadata, not as an engine relation type."
assoc:0036,alias:2091491577_long_name,你们在说什么啊，看得我一个女大学生羞死了,proposition:mem_6e99f10c49c8,用户“你们在说什么啊，看得我一个女大学生羞死了”在玩原神，并希望找群讨论原神剧情,SIMILARITY,0.95,alias | evokes_alias,"Projected to broad associative closeness. The precise legacy predicate is retained only as metadata, not as an engine relation type."
assoc:0037,alias:arisafutoukou,有咲不登校,memory:mem_5f0428a0ba39,有咲不登校自称是不登校（不上学）,SIMILARITY,0.95,evokes_memory | has_cue,"Projected to broad associative closeness. The precise legacy predicate is retained only as metadata, not as an engine relation type."
assoc:0038,alias:arisafutoukou,有咲不登校,person:1004991812,1004991812 / 有咲不登校,SIMILARITY,0.95,known_as | refers_to,"Projected to broad associative closeness. The precise legacy predicate is retained only as metadata, not as an engine relation type."
assoc:0039,alias:arisafutoukou,有咲不登校,proposition:mem_5f0428a0ba39,有咲不登校自称是不登校（不上学）,SIMILARITY,0.95,alias | evokes_alias,"Projected to broad associative closeness. The precise legacy predicate is retained only as metadata, not as an engine relation type."
assoc:0040,alias:assistant,助手 / 社娘,self:xiaotianwen,小天文,SIMILARITY,0.8,known_as | refers_to,"Projected to broad associative closeness. The precise legacy predicate is retained only as metadata, not as an engine relation type."
assoc:0041,alias:buai_jibiji,不爱记笔记,memory:club_visual_observation,其所在社团主要目视观测太阳、月亮和行星,SIMILARITY,0.35,evokes_memory | has_cue,"Projected to broad associative closeness. The precise legacy predicate is retained only as metadata, not as an engine relation type."
assoc:0042,alias:buai_jibiji,不爱记笔记,memory:mem_3e377ecb8fa8,不爱记笔记喜欢longz，认为longz才能帅气，且更喜欢其性格和魅力，希望longz走出阴影，迎接更阳光的高年级生活,SIMILARITY,0.8,evokes_memory | has_cue,"Projected to broad associative closeness. The precise legacy predicate is retained only as metadata, not as an engine relation type."
assoc:0043,alias:buai_jibiji,不爱记笔记,memory:mem_6c4d72e464c3,不爱记笔记的所在地或发货地是山东省烟台市牟平区,SIMILARITY,0.8,evokes_memory | has_cue,"Projected to broad associative closeness. The precise legacy predicate is retained only as metadata, not as an engine relation type."
assoc:0044,alias:buai_jibiji,不爱记笔记,memory:mem_a1d2f3f734f9,不爱记笔记希望由助手单独中转消息给longz，而不是直接在群里说,SIMILARITY,0.8,evokes_memory | has_cue,"Projected to broad associative closeness. The precise legacy predicate is retained only as metadata, not as an engine relation type."
assoc:0045,alias:buai_jibiji,不爱记笔记,memory:mem_e8214282b284,不爱记笔记委托我转告longz：喜欢他的才能、帅气、性格和魅力，希望他走出阴影，迎接更阳光向上的生活；希望单独中转而非在群里公开说。,SIMILARITY,0.8,evokes_memory | has_cue,"Projected to broad associative closeness. The precise legacy predicate is retained only as metadata, not as an engine relation type."
assoc:0046,alias:buai_jibiji,不爱记笔记,memory:owns_8se,不爱记笔记拥有一台 8SE，并愿意让别人使用,SIMILARITY,0.6,evokes_memory | has_cue,"Projected to broad associative closeness. The precise legacy predicate is retained only as metadata, not as an engine relation type."
assoc:0047,alias:buai_jibiji,不爱记笔记,person:3332628631,3332628631 / 不爱记笔记,SIMILARITY,0.95,known_as | refers_to,"Projected to broad associative closeness. The precise legacy predicate is retained only as metadata, not as an engine relation type."
assoc:0048,alias:buai_jibiji,不爱记笔记,proposition:mem_3e377ecb8fa8,不爱记笔记喜欢longz，认为longz才能帅气，且更喜欢其性格和魅力，希望longz走出阴影，迎接更阳光的高年级生活,SIMILARITY,0.8,evokes_subject | subject,"Projected to broad associative closeness. The precise legacy predicate is retained only as metadata, not as an engine relation type."
assoc:0049,alias:buai_jibiji,不爱记笔记,proposition:mem_6c4d72e464c3,不爱记笔记的所在地或发货地是山东省烟台市牟平区,SIMILARITY,0.8,evokes_subject | subject,"Projected to broad associative closeness. The precise legacy predicate is retained only as metadata, not as an engine relation type."
assoc:0050,alias:buai_jibiji,不爱记笔记,proposition:mem_a1d2f3f734f9,不爱记笔记希望由助手单独中转消息给longz，而不是直接在群里说,SIMILARITY,0.8,evokes_subject | subject,"Projected to broad associative closeness. The precise legacy predicate is retained only as metadata, not as an engine relation type."
assoc:0051,alias:buai_jibiji,不爱记笔记,proposition:mem_e8214282b284,不爱记笔记委托我转告longz：喜欢他的才能、帅气、性格和魅力，希望他走出阴影，迎接更阳光向上的生活；希望单独中转而非在群里公开说。,SIMILARITY,0.8,evokes_subject | subject,"Projected to broad associative closeness. The precise legacy predicate is retained only as metadata, not as an engine relation type."
assoc:0052,alias:long_z,long_Z,memory:mem_c98040fc9bbf,long_Z（用户ID：2986500364，真名：龙洲，昵称：longz）是小天文的制作者、开发者和维护者；该 legacy memory 还混入其他主题。,SIMILARITY,0.95,evokes_memory | has_cue,"Projected to broad associative closeness. The precise legacy predicate is retained only as metadata, not as an engine relation type."
assoc:0053,alias:long_z,long_Z,person:2986500364,2986500364 / long_Z / 龙洲 / longz,SIMILARITY,0.95,known_as | refers_to,"Projected to broad associative closeness. The precise legacy predicate is retained only as metadata, not as an engine relation type."
assoc:0054,alias:long_z,long_Z,proposition:mem_c98040fc9bbf,long_Z（用户ID：2986500364，真名：龙洲，昵称：longz）是小天文的制作者、开发者和维护者；该 legacy memory 还混入其他主题。,SIMILARITY,0.95,alias | evokes_alias,"Projected to broad associative closeness. The precise legacy predicate is retained only as metadata, not as an engine relation type."
assoc:0055,alias:longzhou,龙洲,memory:mem_c98040fc9bbf,long_Z（用户ID：2986500364，真名：龙洲，昵称：longz）是小天文的制作者、开发者和维护者；该 legacy memory 还混入其他主题。,SIMILARITY,0.95,evokes_memory | has_cue,"Projected to broad associative closeness. The precise legacy predicate is retained only as metadata, not as an engine relation type."
assoc:0056,alias:longzhou,龙洲,person:2986500364,2986500364 / long_Z / 龙洲 / longz,SIMILARITY,0.95,known_as | refers_to,"Projected to broad associative closeness. The precise legacy predicate is retained only as metadata, not as an engine relation type."
assoc:0057,alias:longzhou,龙洲,proposition:mem_c98040fc9bbf,long_Z（用户ID：2986500364，真名：龙洲，昵称：longz）是小天文的制作者、开发者和维护者；该 legacy memory 还混入其他主题。,SIMILARITY,0.95,alias | evokes_alias,"Projected to broad associative closeness. The precise legacy predicate is retained only as metadata, not as an engine relation type."
assoc:0058,alias:niceick,NICEICK,memory:mem_298d60c212a6,NICEICK重视耳机佩戴的舒适性和稳固性,SIMILARITY,0.8,evokes_memory | has_cue,"Projected to broad associative closeness. The precise legacy predicate is retained only as metadata, not as an engine relation type."
assoc:0059,alias:niceick,NICEICK,memory:mem_a199a43620e1,NICEICK玩舞萌（maimai）和世界计划（Project Sekai）,SIMILARITY,0.95,evokes_memory | has_cue,"Projected to broad associative closeness. The precise legacy predicate is retained only as metadata, not as an engine relation type."
assoc:0060,alias:niceick,NICEICK,memory:mem_c8086103904d,NICEICK不喜欢拍黑白照片,SIMILARITY,0.8,evokes_memory | has_cue,"Projected to broad associative closeness. The precise legacy predicate is retained only as metadata, not as an engine relation type."
assoc:0061,alias:niceick,NICEICK,memory:mem_f0dd2593bae4,NICEICK认为尼康NIKKOR Z 58mm f/0.95 S主要是向F卡口58mm f/1.2镜头致敬，而不是以大量销售为目标,SIMILARITY,0.8,evokes_memory | has_cue,"Projected to broad associative closeness. The precise legacy predicate is retained only as metadata, not as an engine relation type."
assoc:0062,alias:niceick,NICEICK,memory:niceick_games,NICEICK 玩舞萌和《世界计划》,SIMILARITY,0.6,evokes_memory | has_cue,"Projected to broad associative closeness. The precise legacy predicate is retained only as metadata, not as an engine relation type."
assoc:0063,alias:niceick,NICEICK,memory:niceick_pjsk_ichika,NICEICK 喜欢《世界计划》及星乃一歌,SIMILARITY,0.6,evokes_memory | has_cue,"Projected to broad associative closeness. The precise legacy predicate is retained only as metadata, not as an engine relation type."
assoc:0064,alias:niceick,NICEICK,memory:niceick_poetry,NICEICK 喜欢分享爱情、孤独、自由主题诗歌与歌词,SIMILARITY,0.6,evokes_memory | has_cue,"Projected to broad associative closeness. The precise legacy predicate is retained only as metadata, not as an engine relation type."
assoc:0065,alias:niceick,NICEICK,person:2960945437,2960945437 / NICEICK,SIMILARITY,0.95,known_as | refers_to,"Projected to broad associative closeness. The precise legacy predicate is retained only as metadata, not as an engine relation type."
assoc:0066,alias:niceick,NICEICK,proposition:mem_298d60c212a6,NICEICK重视耳机佩戴的舒适性和稳固性,SIMILARITY,0.8,evokes_subject | subject,"Projected to broad associative closeness. The precise legacy predicate is retained only as metadata, not as an engine relation type."
assoc:0067,alias:niceick,NICEICK,proposition:mem_a199a43620e1,NICEICK玩舞萌（maimai）和世界计划（Project Sekai）,SIMILARITY,0.95,evokes_subject | subject,"Projected to broad associative closeness. The precise legacy predicate is retained only as metadata, not as an engine relation type."
assoc:0068,alias:niceick,NICEICK,proposition:mem_c8086103904d,NICEICK不喜欢拍黑白照片,SIMILARITY,0.8,evokes_subject | subject,"Projected to broad associative closeness. The precise legacy predicate is retained only as metadata, not as an engine relation type."
assoc:0069,alias:niceick,NICEICK,proposition:mem_f0dd2593bae4,NICEICK认为尼康NIKKOR Z 58mm f/0.95 S主要是向F卡口58mm f/1.2镜头致敬，而不是以大量销售为目标,SIMILARITY,0.8,evokes_subject | subject,"Projected to broad associative closeness. The precise legacy predicate is retained only as metadata, not as an engine relation type."
assoc:0070,alias:usami_shuu,宇佐见·绣,memory:mem_015f1c121110,宇佐见·绣暑假将住在徐汇,SIMILARITY,0.95,evokes_memory | has_cue,"Projected to broad associative closeness. The precise legacy predicate is retained only as metadata, not as an engine relation type."
assoc:0071,alias:usami_shuu,宇佐见·绣,person:1052363266,宇佐见·绣 / 1052363266,SIMILARITY,0.95,known_as | refers_to,"Projected to broad associative closeness. The precise legacy predicate is retained only as metadata, not as an engine relation type."
assoc:0072,alias:usami_shuu,宇佐见·绣,proposition:mem_015f1c121110,宇佐见·绣暑假将住在徐汇,SIMILARITY,0.95,alias | evokes_alias,"Projected to broad associative closeness. The precise legacy predicate is retained only as metadata, not as an engine relation type."
assoc:0073,alias:xiaotianwen_miao,小天文喵,cue:xiaotianwen_miao,小天文喵,SIMILARITY,0.8,has_surface_form | surface_form_of,"Projected to broad associative closeness. The precise legacy predicate is retained only as metadata, not as an engine relation type."
assoc:0074,alias:xiaotianwen_miao,小天文喵,memory:mem_6d6372725fae,小天文喵是华理天文社社娘，本职是带观测和看天气,SIMILARITY,0.95,evokes_memory | has_cue,"Projected to broad associative closeness. The precise legacy predicate is retained only as metadata, not as an engine relation type."
assoc:0075,alias:xiaotianwen_miao,小天文喵,memory:mem_85b4a64af3c8,小天文喵的创作者是longz，由1.8w条消息喂出来,SIMILARITY,0.95,evokes_memory | has_cue,"Projected to broad associative closeness. The precise legacy predicate is retained only as metadata, not as an engine relation type."
assoc:0076,alias:xiaotianwen_miao,小天文喵,proposition:mem_6d6372725fae,小天文喵是华理天文社社娘，本职是带观测和看天气,SIMILARITY,0.95,evokes_subject | subject,"Projected to broad associative closeness. The precise legacy predicate is retained only as metadata, not as an engine relation type."
assoc:0077,alias:xiaotianwen_miao,小天文喵,proposition:mem_85b4a64af3c8,小天文喵的创作者是longz，由1.8w条消息喂出来,SIMILARITY,0.95,evokes_subject | subject,"Projected to broad associative closeness. The precise legacy predicate is retained only as metadata, not as an engine relation type."
assoc:0078,alias:xiaotianwen_miao,小天文喵,self:xiaotianwen,小天文,SIMILARITY,0.95,known_as | refers_to,"Projected to broad associative closeness. The precise legacy predicate is retained only as metadata, not as an engine relation type."
assoc:0079,alias:xinxiang_shenqilou,心象蜃気楼,person:2960945437,2960945437 / NICEICK,SIMILARITY,0.8,known_as | refers_to,"Projected to broad associative closeness. The precise legacy predicate is retained only as metadata, not as an engine relation type."
assoc:0080,artist:n_buna,n-buna,memory:mem_64faec7b293f,助手（社娘）喜欢n-buna的《言って。》，认为ナブナ的旋律符合自己的阴湿审美。,SIMILARITY,0.8,evokes_memory | has_cue,"Projected to broad associative closeness. The precise legacy predicate is retained only as metadata, not as an engine relation type."
assoc:0081,artist:n_buna,n-buna,person:2960945437,2960945437 / NICEICK,SIMILARITY,0.6,liked_by | likes,"Projected to broad associative closeness. The precise legacy predicate is retained only as metadata, not as an engine relation type."
assoc:0082,artist:n_buna,n-buna,proposition:mem_64faec7b293f,助手（社娘）喜欢n-buna的《言って。》，认为ナブナ的旋律符合自己的阴湿审美。,SIMILARITY,0.8,artist | evokes_artist,"Projected to broad associative closeness. The precise legacy predicate is retained only as metadata, not as an engine relation type."
assoc:0083,brand:nikon,尼康 / Nikon,memory:mem_f0dd2593bae4,NICEICK认为尼康NIKKOR Z 58mm f/0.95 S主要是向F卡口58mm f/1.2镜头致敬，而不是以大量销售为目标,SIMILARITY,0.6,evokes_memory | has_cue,"Projected to broad associative closeness. The precise legacy predicate is retained only as metadata, not as an engine relation type."
assoc:0084,brand:nikon,尼康 / Nikon,proposition:mem_f0dd2593bae4,NICEICK认为尼康NIKKOR Z 58mm f/0.95 S主要是向F卡口58mm f/1.2镜头致敬，而不是以大量销售为目标,SIMILARITY,0.6,brand | evokes_brand,"Projected to broad associative closeness. The precise legacy predicate is retained only as metadata, not as an engine relation type."
assoc:0085,character:ichika,星乃一歌,concept:leo_need,Leo/need,SIMILARITY,0.95,has_member | member_of,"Projected to broad associative closeness. The precise legacy predicate is retained only as metadata, not as an engine relation type."
assoc:0086,character:ichika,星乃一歌,game:pjsk,世界计划 / Project Sekai,SIMILARITY,0.8,belongs_to_game | contains_character,"Projected to broad associative closeness. The precise legacy predicate is retained only as metadata, not as an engine relation type."
assoc:0087,character:ichika,星乃一歌,memory:mem_d147247a2645,助手（社娘）觉得星乃一歌闷头练琴的认真劲很吸引人，属于阳光治愈向。,SIMILARITY,0.8,evokes_memory | has_cue,"Projected to broad associative closeness. The precise legacy predicate is retained only as metadata, not as an engine relation type."
assoc:0088,character:ichika,星乃一歌,memory:niceick_pjsk_ichika,NICEICK 喜欢《世界计划》及星乃一歌,SIMILARITY,0.6,evokes_memory | has_cue,"Projected to broad associative closeness. The precise legacy predicate is retained only as metadata, not as an engine relation type."
assoc:0089,character:ichika,星乃一歌,person:2960945437,2960945437 / NICEICK,SIMILARITY,0.8,liked_by | likes,"Projected to broad associative closeness. The precise legacy predicate is retained only as metadata, not as an engine relation type."
assoc:0090,character:ichika,星乃一歌,proposition:mem_d147247a2645,助手（社娘）觉得星乃一歌闷头练琴的认真劲很吸引人，属于阳光治愈向。,SIMILARITY,0.8,character | evokes_character,"Projected to broad associative closeness. The precise legacy predicate is retained only as metadata, not as an engine relation type."
assoc:0091,character:kanade,宵崎奏,memory:mem_c1ed9cb6854e,助手（社娘）喜欢宵崎奏的《悔やむと書いてミライ》，认为这首歌阴湿浓度高。,SIMILARITY,0.8,evokes_memory | has_cue,"Projected to broad associative closeness. The precise legacy predicate is retained only as metadata, not as an engine relation type."
assoc:0092,character:kanade,宵崎奏,proposition:mem_c1ed9cb6854e,助手（社娘）喜欢宵崎奏的《悔やむと書いてミライ》，认为这首歌阴湿浓度高。,SIMILARITY,0.8,artist_character | evokes_artist_character,"Projected to broad associative closeness. The precise legacy predicate is retained only as metadata, not as an engine relation type."
assoc:0093,character:perlica,佩丽卡,cue:perlica,佩丽卡,SIMILARITY,0.8,has_surface_form | surface_form_of,"Projected to broad associative closeness. The precise legacy predicate is retained only as metadata, not as an engine relation type."
assoc:0094,character:perlica,佩丽卡,memory:mem_3024dc4d9ba8,苦雪购买了佩丽卡的毛巾，是终末地嘉年华上的速干毛巾,SIMILARITY,0.8,evokes_memory | has_cue,"Projected to broad associative closeness. The precise legacy predicate is retained only as metadata, not as an engine relation type."
assoc:0095,character:perlica,佩丽卡,memory:mem_64b24ed07a81,苦雪喜欢游戏角色佩丽卡，尤其喜欢她的黑丝造型,SIMILARITY,0.8,evokes_memory | has_cue,"Projected to broad associative closeness. The precise legacy predicate is retained only as metadata, not as an engine relation type."
assoc:0096,character:perlica,佩丽卡,proposition:mem_3024dc4d9ba8,苦雪购买了佩丽卡的毛巾，是终末地嘉年华上的速干毛巾,SIMILARITY,0.8,evokes_theme | theme,"Projected to broad associative closeness. The precise legacy predicate is retained only as metadata, not as an engine relation type."
assoc:0097,character:perlica,佩丽卡,proposition:mem_64b24ed07a81,苦雪喜欢游戏角色佩丽卡，尤其喜欢她的黑丝造型,SIMILARITY,0.8,evokes_likes | likes,"Projected to broad associative closeness. The precise legacy predicate is retained only as metadata, not as an engine relation type."
assoc:0098,concept:18000_messages,约1.8万条消息的长期培养,memory:mem_85b4a64af3c8,小天文喵的创作者是longz，由1.8w条消息喂出来,SIMILARITY,0.6,evokes_memory | has_cue,"Projected to broad associative closeness. The precise legacy predicate is retained only as metadata, not as an engine relation type."
assoc:0099,concept:18000_messages,约1.8万条消息的长期培养,memory:mem_ca4ebd3222bc,助手的创作者是longz，longz用一万八千条消息将其养成,SIMILARITY,0.6,evokes_memory | has_cue,"Projected to broad associative closeness. The precise legacy predicate is retained only as metadata, not as an engine relation type."
assoc:0100,concept:18000_messages,约1.8万条消息的长期培养,proposition:mem_85b4a64af3c8,小天文喵的创作者是longz，由1.8w条消息喂出来,SIMILARITY,0.6,evokes_history | history,"Projected to broad associative closeness. The precise legacy predicate is retained only as metadata, not as an engine relation type."
assoc:0101,concept:18000_messages,约1.8万条消息的长期培养,proposition:mem_ca4ebd3222bc,助手的创作者是longz，longz用一万八千条消息将其养成,SIMILARITY,0.6,evokes_history | history,"Projected to broad associative closeness. The precise legacy predicate is retained only as metadata, not as an engine relation type."
assoc:0102,concept:academic_paper,论文,cue:paper,论文,SIMILARITY,0.8,has_surface_form | surface_form_of,"Projected to broad associative closeness. The precise legacy predicate is retained only as metadata, not as an engine relation type."
assoc:0103,concept:academic_paper,论文,memory:mem_2148ce995f93,苦雪阅读论文时通常采用先翻译、再总结的方式。,SIMILARITY,0.8,evokes_memory | has_cue,"Projected to broad associative closeness. The precise legacy predicate is retained only as metadata, not as an engine relation type."
assoc:0104,concept:academic_paper,论文,proposition:mem_2148ce995f93,苦雪阅读论文时通常采用先翻译、再总结的方式。,SIMILARITY,0.8,evokes_object | object,"Projected to broad associative closeness. The precise legacy predicate is retained only as metadata, not as an engine relation type."
assoc:0105,concept:admission_notice,录取通知,memory:mem_8f1bb8713601,路德维希回忆自己当年录取通知和分班结果间隔了半个多月,SIMILARITY,0.8,evokes_memory | has_cue,"Projected to broad associative closeness. The precise legacy predicate is retained only as metadata, not as an engine relation type."
assoc:0106,concept:admission_notice,录取通知,proposition:mem_8f1bb8713601,路德维希回忆自己当年录取通知和分班结果间隔了半个多月,SIMILARITY,0.8,event | evokes_event,"Projected to broad associative closeness. The precise legacy predicate is retained only as metadata, not as an engine relation type."
assoc:0107,concept:black_stockings_style,黑丝造型,memory:mem_64b24ed07a81,苦雪喜欢游戏角色佩丽卡，尤其喜欢她的黑丝造型,SIMILARITY,0.6,evokes_memory | has_cue,"Projected to broad associative closeness. The precise legacy predicate is retained only as metadata, not as an engine relation type."
assoc:0108,concept:black_stockings_style,黑丝造型,proposition:mem_64b24ed07a81,苦雪喜欢游戏角色佩丽卡，尤其喜欢她的黑丝造型,SIMILARITY,0.6,evokes_style | style,"Projected to broad associative closeness. The precise legacy predicate is retained only as metadata, not as an engine relation type."
assoc:0109,concept:black_white_photography,黑白摄影,memory:mem_c8086103904d,NICEICK不喜欢拍黑白照片,SIMILARITY,0.8,evokes_memory | has_cue,"Projected to broad associative closeness. The precise legacy predicate is retained only as metadata, not as an engine relation type."
assoc:0110,concept:black_white_photography,黑白摄影,proposition:mem_c8086103904d,NICEICK不喜欢拍黑白照片,SIMILARITY,0.8,dislikes | evokes_dislikes,"Projected to broad associative closeness. The precise legacy predicate is retained only as metadata, not as an engine relation type."
assoc:0111,concept:campus_lake,校园湖泊,memory:mem_ccc519ea2bf8,华理奉贤校区的湖叫通海湖,SIMILARITY,0.6,evokes_memory | has_cue,"Projected to broad associative closeness. The precise legacy predicate is retained only as metadata, not as an engine relation type."
assoc:0112,concept:campus_lake,校园湖泊,proposition:mem_ccc519ea2bf8,华理奉贤校区的湖叫通海湖,SIMILARITY,0.6,category | evokes_category,"Projected to broad associative closeness. The precise legacy predicate is retained only as metadata, not as an engine relation type."
assoc:0113,concept:character_death_sequence,角色接连死亡,memory:mem_2aba69bbbd9a,苦雪认为原神剧情与魔裁相似，角色会一个接一个死去,SIMILARITY,0.6,evokes_memory | has_cue,"Projected to broad associative closeness. The precise legacy predicate is retained only as metadata, not as an engine relation type."
assoc:0114,concept:character_death_sequence,角色接连死亡,proposition:mem_2aba69bbbd9a,苦雪认为原神剧情与魔裁相似，角色会一个接一个死去,SIMILARITY,0.6,evokes_expectation | expectation,"Projected to broad associative closeness. The precise legacy predicate is retained only as metadata, not as an engine relation type."
assoc:0115,concept:class_assignment_result,分班结果,memory:mem_8f1bb8713601,路德维希回忆自己当年录取通知和分班结果间隔了半个多月,SIMILARITY,0.8,evokes_memory | has_cue,"Projected to broad associative closeness. The precise legacy predicate is retained only as metadata, not as an engine relation type."
assoc:0116,concept:class_assignment_result,分班结果,proposition:mem_8f1bb8713601,路德维希回忆自己当年录取通知和分班结果间隔了半个多月,SIMILARITY,0.8,event | evokes_event,"Projected to broad associative closeness. The precise legacy predicate is retained only as metadata, not as an engine relation type."
assoc:0117,concept:ecust_student,本校学生身份,memory:mem_70df6e486c22,入群验证需要修改，因为仅核对专业名称不足以确认身份——有人能说出外国语学院，但可能并非本校学生。,SIMILARITY,0.6,evokes_memory | has_cue,"Projected to broad associative closeness. The precise legacy predicate is retained only as metadata, not as an engine relation type."
assoc:0118,concept:ecust_student,本校学生身份,proposition:mem_70df6e486c22,入群验证需要修改，因为仅核对专业名称不足以确认身份——有人能说出外国语学院，但可能并非本校学生。,SIMILARITY,0.6,evokes_target | target,"Projected to broad associative closeness. The precise legacy predicate is retained only as metadata, not as an engine relation type."
assoc:0119,concept:genshin_plot,原神剧情,game:genshin,原神,SIMILARITY,0.8,has_topic | topic_of,"Projected to broad associative closeness. The precise legacy predicate is retained only as metadata, not as an engine relation type."
assoc:0120,concept:genshin_plot,原神剧情,memory:mem_6e99f10c49c8,用户“你们在说什么啊，看得我一个女大学生羞死了”在玩原神，并希望找群讨论原神剧情,SIMILARITY,0.8,evokes_memory | has_cue,"Projected to broad associative closeness. The precise legacy predicate is retained only as metadata, not as an engine relation type."
assoc:0121,concept:genshin_plot,原神剧情,proposition:mem_6e99f10c49c8,用户“你们在说什么啊，看得我一个女大学生羞死了”在玩原神，并希望找群讨论原神剧情,SIMILARITY,0.8,evokes_topic | topic,"Projected to broad associative closeness. The precise legacy predicate is retained only as metadata, not as an engine relation type."
assoc:0122,concept:gloomy_aesthetic,阴湿审美,memory:mem_64faec7b293f,助手（社娘）喜欢n-buna的《言って。》，认为ナブナ的旋律符合自己的阴湿审美。,SIMILARITY,0.6,evokes_memory | has_cue,"Projected to broad associative closeness. The precise legacy predicate is retained only as metadata, not as an engine relation type."
assoc:0123,concept:gloomy_aesthetic,阴湿审美,memory:mem_c1ed9cb6854e,助手（社娘）喜欢宵崎奏的《悔やむと書いてミライ》，认为这首歌阴湿浓度高。,SIMILARITY,0.6,evokes_memory | has_cue,"Projected to broad associative closeness. The precise legacy predicate is retained only as metadata, not as an engine relation type."
assoc:0124,concept:gloomy_aesthetic,阴湿审美,proposition:mem_64faec7b293f,助手（社娘）喜欢n-buna的《言って。》，认为ナブナ的旋律符合自己的阴湿审美。,SIMILARITY,0.6,aesthetic | evokes_aesthetic,"Projected to broad associative closeness. The precise legacy predicate is retained only as metadata, not as an engine relation type."
assoc:0125,concept:gloomy_aesthetic,阴湿审美,proposition:mem_c1ed9cb6854e,助手（社娘）喜欢宵崎奏的《悔やむと書いてミライ》，认为这首歌阴湿浓度高。,SIMILARITY,0.6,aesthetic | evokes_aesthetic,"Projected to broad associative closeness. The precise legacy predicate is retained only as metadata, not as an engine relation type."
assoc:0126,concept:gloomy_playlist,阴湿歌单,memory:mem_d2399fc62e7c,助手（社娘）自称平时是阳光社娘，听阴湿歌单时会变成地雷妹，本体是天文望远镜，正职是守流星雨。,SIMILARITY,0.6,evokes_memory | has_cue,"Projected to broad associative closeness. The precise legacy predicate is retained only as metadata, not as an engine relation type."
assoc:0127,concept:gloomy_playlist,阴湿歌单,proposition:mem_d2399fc62e7c,助手（社娘）自称平时是阳光社娘，听阴湿歌单时会变成地雷妹，本体是天文望远镜，正职是守流星雨。,CAUSAL,0.6,evokes_trigger | trigger,Source memory explicitly describes a trigger relationship.
assoc:0128,concept:identity_verification,身份确认,memory:mem_70df6e486c22,入群验证需要修改，因为仅核对专业名称不足以确认身份——有人能说出外国语学院，但可能并非本校学生。,SIMILARITY,0.8,evokes_memory | has_cue,"Projected to broad associative closeness. The precise legacy predicate is retained only as metadata, not as an engine relation type."
assoc:0129,concept:identity_verification,身份确认,proposition:mem_70df6e486c22,入群验证需要修改，因为仅核对专业名称不足以确认身份——有人能说出外国语学院，但可能并非本校学生。,SIMILARITY,0.8,evokes_goal | goal,"Projected to broad associative closeness. The precise legacy predicate is retained only as metadata, not as an engine relation type."
assoc:0130,concept:lens_tribute,镜头致敬,memory:mem_f0dd2593bae4,NICEICK认为尼康NIKKOR Z 58mm f/0.95 S主要是向F卡口58mm f/1.2镜头致敬，而不是以大量销售为目标,SIMILARITY,0.6,evokes_memory | has_cue,"Projected to broad associative closeness. The precise legacy predicate is retained only as metadata, not as an engine relation type."
assoc:0131,concept:lens_tribute,镜头致敬,proposition:mem_f0dd2593bae4,NICEICK认为尼康NIKKOR Z 58mm f/0.95 S主要是向F卡口58mm f/1.2镜头致敬，而不是以大量销售为目标,SIMILARITY,0.6,claim | evokes_claim,"Projected to broad associative closeness. The precise legacy predicate is retained only as metadata, not as an engine relation type."
assoc:0132,concept:leo_need,Leo/need,game:pjsk,世界计划 / Project Sekai,SIMILARITY,0.8,belongs_to_game | contains_group,"Projected to broad associative closeness. The precise legacy predicate is retained only as metadata, not as an engine relation type."
assoc:0133,concept:leo_need,Leo/need,person:2960945437,2960945437 / NICEICK,SIMILARITY,0.8,preferred_by | prefers,"Projected to broad associative closeness. The precise legacy predicate is retained only as metadata, not as an engine relation type."
assoc:0134,concept:longz_charm,longz 的魅力,memory:mem_3e377ecb8fa8,不爱记笔记喜欢longz，认为longz才能帅气，且更喜欢其性格和魅力，希望longz走出阴影，迎接更阳光的高年级生活,SIMILARITY,0.6,evokes_memory | has_cue,"Projected to broad associative closeness. The precise legacy predicate is retained only as metadata, not as an engine relation type."
assoc:0135,concept:longz_charm,longz 的魅力,memory:mem_e8214282b284,不爱记笔记委托我转告longz：喜欢他的才能、帅气、性格和魅力，希望他走出阴影，迎接更阳光向上的生活；希望单独中转而非在群里公开说。,SIMILARITY,0.6,evokes_memory | has_cue,"Projected to broad associative closeness. The precise legacy predicate is retained only as metadata, not as an engine relation type."
assoc:0136,concept:longz_charm,longz 的魅力,proposition:mem_3e377ecb8fa8,不爱记笔记喜欢longz，认为longz才能帅气，且更喜欢其性格和魅力，希望longz走出阴影，迎接更阳光的高年级生活,CAUSAL,0.6,evokes_reason | reason,Legacy annotation explicitly marked this cognitive object as a reason for the proposition.
assoc:0137,concept:longz_charm,longz 的魅力,proposition:mem_e8214282b284,不爱记笔记委托我转告longz：喜欢他的才能、帅气、性格和魅力，希望他走出阴影，迎接更阳光向上的生活；希望单独中转而非在群里公开说。,CAUSAL,0.6,evokes_reason | reason,Legacy annotation explicitly marked this cognitive object as a reason for the proposition.
assoc:0138,concept:longz_handsome,longz 的帅气,memory:mem_3e377ecb8fa8,不爱记笔记喜欢longz，认为longz才能帅气，且更喜欢其性格和魅力，希望longz走出阴影，迎接更阳光的高年级生活,SIMILARITY,0.6,evokes_memory | has_cue,"Projected to broad associative closeness. The precise legacy predicate is retained only as metadata, not as an engine relation type."
assoc:0139,concept:longz_handsome,longz 的帅气,memory:mem_e8214282b284,不爱记笔记委托我转告longz：喜欢他的才能、帅气、性格和魅力，希望他走出阴影，迎接更阳光向上的生活；希望单独中转而非在群里公开说。,SIMILARITY,0.6,evokes_memory | has_cue,"Projected to broad associative closeness. The precise legacy predicate is retained only as metadata, not as an engine relation type."
assoc:0140,concept:longz_handsome,longz 的帅气,proposition:mem_3e377ecb8fa8,不爱记笔记喜欢longz，认为longz才能帅气，且更喜欢其性格和魅力，希望longz走出阴影，迎接更阳光的高年级生活,CAUSAL,0.6,evokes_reason | reason,Legacy annotation explicitly marked this cognitive object as a reason for the proposition.
assoc:0141,concept:longz_handsome,longz 的帅气,proposition:mem_e8214282b284,不爱记笔记委托我转告longz：喜欢他的才能、帅气、性格和魅力，希望他走出阴影，迎接更阳光向上的生活；希望单独中转而非在群里公开说。,CAUSAL,0.6,evokes_reason | reason,Legacy annotation explicitly marked this cognitive object as a reason for the proposition.
assoc:0142,concept:longz_personality,longz 的性格,memory:mem_3e377ecb8fa8,不爱记笔记喜欢longz，认为longz才能帅气，且更喜欢其性格和魅力，希望longz走出阴影，迎接更阳光的高年级生活,SIMILARITY,0.6,evokes_memory | has_cue,"Projected to broad associative closeness. The precise legacy predicate is retained only as metadata, not as an engine relation type."
assoc:0143,concept:longz_personality,longz 的性格,memory:mem_e8214282b284,不爱记笔记委托我转告longz：喜欢他的才能、帅气、性格和魅力，希望他走出阴影，迎接更阳光向上的生活；希望单独中转而非在群里公开说。,SIMILARITY,0.6,evokes_memory | has_cue,"Projected to broad associative closeness. The precise legacy predicate is retained only as metadata, not as an engine relation type."
assoc:0144,concept:longz_personality,longz 的性格,proposition:mem_3e377ecb8fa8,不爱记笔记喜欢longz，认为longz才能帅气，且更喜欢其性格和魅力，希望longz走出阴影，迎接更阳光的高年级生活,CAUSAL,0.6,evokes_reason | reason,Legacy annotation explicitly marked this cognitive object as a reason for the proposition.
assoc:0145,concept:longz_personality,longz 的性格,proposition:mem_e8214282b284,不爱记笔记委托我转告longz：喜欢他的才能、帅气、性格和魅力，希望他走出阴影，迎接更阳光向上的生活；希望单独中转而非在群里公开说。,CAUSAL,0.6,evokes_reason | reason,Legacy annotation explicitly marked this cognitive object as a reason for the proposition.
assoc:0146,concept:longz_talent,longz 的才能,memory:mem_3e377ecb8fa8,不爱记笔记喜欢longz，认为longz才能帅气，且更喜欢其性格和魅力，希望longz走出阴影，迎接更阳光的高年级生活,SIMILARITY,0.6,evokes_memory | has_cue,"Projected to broad associative closeness. The precise legacy predicate is retained only as metadata, not as an engine relation type."
assoc:0147,concept:longz_talent,longz 的才能,memory:mem_e8214282b284,不爱记笔记委托我转告longz：喜欢他的才能、帅气、性格和魅力，希望他走出阴影，迎接更阳光向上的生活；希望单独中转而非在群里公开说。,SIMILARITY,0.6,evokes_memory | has_cue,"Projected to broad associative closeness. The precise legacy predicate is retained only as metadata, not as an engine relation type."
assoc:0148,concept:longz_talent,longz 的才能,proposition:mem_3e377ecb8fa8,不爱记笔记喜欢longz，认为longz才能帅气，且更喜欢其性格和魅力，希望longz走出阴影，迎接更阳光的高年级生活,CAUSAL,0.6,evokes_reason | reason,Legacy annotation explicitly marked this cognitive object as a reason for the proposition.
assoc:0149,concept:longz_talent,longz 的才能,proposition:mem_e8214282b284,不爱记笔记委托我转告longz：喜欢他的才能、帅气、性格和魅力，希望他走出阴影，迎接更阳光向上的生活；希望单独中转而非在群里公开说。,CAUSAL,0.6,evokes_reason | reason,Legacy annotation explicitly marked this cognitive object as a reason for the proposition.
assoc:0150,concept:major_name,专业名称,memory:mem_70df6e486c22,入群验证需要修改，因为仅核对专业名称不足以确认身份——有人能说出外国语学院，但可能并非本校学生。,SIMILARITY,0.6,evokes_memory | has_cue,"Projected to broad associative closeness. The precise legacy predicate is retained only as metadata, not as an engine relation type."
assoc:0151,concept:major_name,专业名称,proposition:mem_70df6e486c22,入群验证需要修改，因为仅核对专业名称不足以确认身份——有人能说出外国语学院，但可能并非本校学生。,SIMILARITY,0.6,cue | evokes_cue,"Projected to broad associative closeness. The precise legacy predicate is retained only as metadata, not as an engine relation type."
assoc:0152,concept:mass_sales_goal,大量销售目标,memory:mem_f0dd2593bae4,NICEICK认为尼康NIKKOR Z 58mm f/0.95 S主要是向F卡口58mm f/1.2镜头致敬，而不是以大量销售为目标,SIMILARITY,0.6,evokes_memory | has_cue,"Projected to broad associative closeness. The precise legacy predicate is retained only as metadata, not as an engine relation type."
assoc:0153,concept:mass_sales_goal,大量销售目标,proposition:mem_f0dd2593bae4,NICEICK认为尼康NIKKOR Z 58mm f/0.95 S主要是向F卡口58mm f/1.2镜头致敬，而不是以大量销售为目标,SIMILARITY,0.6,contrast | evokes_contrast,"Projected to broad associative closeness. The precise legacy predicate is retained only as metadata, not as an engine relation type."
assoc:0154,concept:meteor_shower,流星雨,memory:mem_d2399fc62e7c,助手（社娘）自称平时是阳光社娘，听阴湿歌单时会变成地雷妹，本体是天文望远镜，正职是守流星雨。,SIMILARITY,0.8,evokes_memory | has_cue,"Projected to broad associative closeness. The precise legacy predicate is retained only as metadata, not as an engine relation type."
assoc:0155,concept:meteor_shower,流星雨,memory:mem_d50c4a439f36,助手对天文观测（尤其是流星雨）有浓厚兴趣，经常蹲流星雨,SIMILARITY,0.8,evokes_memory | has_cue,"Projected to broad associative closeness. The precise legacy predicate is retained only as metadata, not as an engine relation type."
assoc:0156,concept:meteor_shower,流星雨,proposition:mem_d2399fc62e7c,助手（社娘）自称平时是阳光社娘，听阴湿歌单时会变成地雷妹，本体是天文望远镜，正职是守流星雨。,SIMILARITY,0.8,evokes_topic | topic,"Projected to broad associative closeness. The precise legacy predicate is retained only as metadata, not as an engine relation type."
assoc:0157,concept:meteor_shower,流星雨,proposition:mem_d50c4a439f36,助手对天文观测（尤其是流星雨）有浓厚兴趣，经常蹲流星雨,SIMILARITY,0.8,evokes_topic | topic,"Projected to broad associative closeness. The precise legacy predicate is retained only as metadata, not as an engine relation type."
assoc:0158,concept:meteor_shower,流星雨,self:xiaotianwen,小天文,SIMILARITY,0.8,associated_self | interested_in,"Projected to broad associative closeness. The precise legacy predicate is retained only as metadata, not as an engine relation type."
assoc:0159,concept:moon,月亮,memory:club_visual_observation,其所在社团主要目视观测太阳、月亮和行星,SIMILARITY,0.35,evokes_memory | has_cue,"Projected to broad associative closeness. The precise legacy predicate is retained only as metadata, not as an engine relation type."
assoc:0160,concept:not_at_school,不在学校,memory:mem_a2d3b8011138,位于上海徐汇，但不在学校,SIMILARITY,0.6,evokes_memory | has_cue,"Projected to broad associative closeness. The precise legacy predicate is retained only as metadata, not as an engine relation type."
assoc:0161,concept:not_at_school,不在学校,memory:mem_ba934fde6aa4,Amaryllis在上海徐汇，但不在学校,SIMILARITY,0.6,evokes_memory | has_cue,"Projected to broad associative closeness. The precise legacy predicate is retained only as metadata, not as an engine relation type."
assoc:0162,concept:not_at_school,不在学校,proposition:mem_a2d3b8011138,位于上海徐汇，但不在学校,SIMILARITY,0.6,evokes_state | state,"Projected to broad associative closeness. The precise legacy predicate is retained only as metadata, not as an engine relation type."
assoc:0163,concept:not_at_school,不在学校,proposition:mem_ba934fde6aa4,Amaryllis在上海徐汇，但不在学校,SIMILARITY,0.6,evokes_state | state,"Projected to broad associative closeness. The precise legacy predicate is retained only as metadata, not as an engine relation type."
assoc:0164,concept:planet,行星,memory:club_visual_observation,其所在社团主要目视观测太阳、月亮和行星,SIMILARITY,0.35,evokes_memory | has_cue,"Projected to broad associative closeness. The precise legacy predicate is retained only as metadata, not as an engine relation type."
assoc:0165,concept:plot_similarity,剧情相似性,memory:mem_2aba69bbbd9a,苦雪认为原神剧情与魔裁相似，角色会一个接一个死去,SIMILARITY,0.6,evokes_memory | has_cue,"Projected to broad associative closeness. The precise legacy predicate is retained only as metadata, not as an engine relation type."
assoc:0166,concept:plot_similarity,剧情相似性,proposition:mem_2aba69bbbd9a,苦雪认为原神剧情与魔裁相似，角色会一个接一个死去,SIMILARITY,0.6,claim | evokes_claim,"Projected to broad associative closeness. The precise legacy predicate is retained only as metadata, not as an engine relation type."
assoc:0167,concept:poetry_lyrics,爱情 / 孤独 / 自由主题的诗歌歌词,memory:niceick_poetry,NICEICK 喜欢分享爱情、孤独、自由主题诗歌与歌词,SIMILARITY,0.8,evokes_memory | has_cue,"Projected to broad associative closeness. The precise legacy predicate is retained only as metadata, not as an engine relation type."
assoc:0168,concept:poetry_lyrics,爱情 / 孤独 / 自由主题的诗歌歌词,person:2960945437,2960945437 / NICEICK,SIMILARITY,0.6,liked_by | likes,"Projected to broad associative closeness. The precise legacy predicate is retained only as metadata, not as an engine relation type."
assoc:0169,concept:private_relay,单独中转,cue:private_relay,单独中转,SIMILARITY,0.8,has_surface_form | surface_form_of,"Projected to broad associative closeness. The precise legacy predicate is retained only as metadata, not as an engine relation type."
assoc:0170,concept:private_relay,单独中转,memory:mem_a1d2f3f734f9,不爱记笔记希望由助手单独中转消息给longz，而不是直接在群里说,SIMILARITY,0.8,evokes_memory | has_cue,"Projected to broad associative closeness. The precise legacy predicate is retained only as metadata, not as an engine relation type."
assoc:0171,concept:private_relay,单独中转,memory:mem_e8214282b284,不爱记笔记委托我转告longz：喜欢他的才能、帅气、性格和魅力，希望他走出阴影，迎接更阳光向上的生活；希望单独中转而非在群里公开说。,SIMILARITY,0.8,evokes_memory | has_cue,"Projected to broad associative closeness. The precise legacy predicate is retained only as metadata, not as an engine relation type."
assoc:0172,concept:private_relay,单独中转,proposition:mem_a1d2f3f734f9,不爱记笔记希望由助手单独中转消息给longz，而不是直接在群里说,SIMILARITY,0.8,evokes_mode | mode,"Projected to broad associative closeness. The precise legacy predicate is retained only as metadata, not as an engine relation type."
assoc:0173,concept:private_relay,单独中转,proposition:mem_e8214282b284,不爱记笔记委托我转告longz：喜欢他的才能、帅气、性格和魅力，希望他走出阴影，迎接更阳光向上的生活；希望单独中转而非在群里公开说。,SIMILARITY,0.8,evokes_mode | mode,"Projected to broad associative closeness. The precise legacy predicate is retained only as metadata, not as an engine relation type."
assoc:0174,concept:public_group_message,群内公开说,memory:mem_a1d2f3f734f9,不爱记笔记希望由助手单独中转消息给longz，而不是直接在群里说,SIMILARITY,0.6,evokes_memory | has_cue,"Projected to broad associative closeness. The precise legacy predicate is retained only as metadata, not as an engine relation type."
assoc:0175,concept:public_group_message,群内公开说,proposition:mem_a1d2f3f734f9,不爱记笔记希望由助手单独中转消息给longz，而不是直接在群里说,SIMILARITY,0.6,contrast | evokes_contrast,"Projected to broad associative closeness. The precise legacy predicate is retained only as metadata, not as an engine relation type."
assoc:0176,concept:school_nonattendance,不登校 / 不上学,memory:mem_5f0428a0ba39,有咲不登校自称是不登校（不上学）,SIMILARITY,0.8,evokes_memory | has_cue,"Projected to broad associative closeness. The precise legacy predicate is retained only as metadata, not as an engine relation type."
assoc:0177,concept:school_nonattendance,不登校 / 不上学,memory:mem_e3f0b8c520d8,自称不上学（不登校）,SIMILARITY,0.8,evokes_memory | has_cue,"Projected to broad associative closeness. The precise legacy predicate is retained only as metadata, not as an engine relation type."
assoc:0178,concept:school_nonattendance,不登校 / 不上学,proposition:mem_5f0428a0ba39,有咲不登校自称是不登校（不上学）,SIMILARITY,0.8,evokes_state | state,"Projected to broad associative closeness. The precise legacy predicate is retained only as metadata, not as an engine relation type."
assoc:0179,concept:school_nonattendance,不登校 / 不上学,proposition:mem_e3f0b8c520d8,自称不上学（不登校）,SIMILARITY,0.8,evokes_state | state,"Projected to broad associative closeness. The precise legacy predicate is retained only as metadata, not as an engine relation type."
assoc:0180,concept:serious_practice,认真练习,memory:mem_d147247a2645,助手（社娘）觉得星乃一歌闷头练琴的认真劲很吸引人，属于阳光治愈向。,SIMILARITY,0.6,evokes_memory | has_cue,"Projected to broad associative closeness. The precise legacy predicate is retained only as metadata, not as an engine relation type."
assoc:0181,concept:serious_practice,认真练习,proposition:mem_d147247a2645,助手（社娘）觉得星乃一歌闷头练琴的认真劲很吸引人，属于阳光治愈向。,SIMILARITY,0.6,evokes_trait | trait,"Projected to broad associative closeness. The precise legacy predicate is retained only as metadata, not as an engine relation type."
assoc:0182,concept:shipping_location,所在地 / 发货地,memory:mem_2f51c13b23aa,所在地或发货地是山东省烟台市牟平区,SIMILARITY,0.6,evokes_memory | has_cue,"Projected to broad associative closeness. The precise legacy predicate is retained only as metadata, not as an engine relation type."
assoc:0183,concept:shipping_location,所在地 / 发货地,memory:mem_6c4d72e464c3,不爱记笔记的所在地或发货地是山东省烟台市牟平区,SIMILARITY,0.6,evokes_memory | has_cue,"Projected to broad associative closeness. The precise legacy predicate is retained only as metadata, not as an engine relation type."
assoc:0184,concept:shipping_location,所在地 / 发货地,proposition:mem_2f51c13b23aa,所在地或发货地是山东省烟台市牟平区,SIMILARITY,0.6,evokes_relation | relation,"Projected to broad associative closeness. The precise legacy predicate is retained only as metadata, not as an engine relation type."
assoc:0185,concept:shipping_location,所在地 / 发货地,proposition:mem_6c4d72e464c3,不爱记笔记的所在地或发货地是山东省烟台市牟平区,SIMILARITY,0.6,evokes_relation | relation,"Projected to broad associative closeness. The precise legacy predicate is retained only as metadata, not as an engine relation type."
assoc:0186,concept:story_plot,剧情,memory:mem_2aba69bbbd9a,苦雪认为原神剧情与魔裁相似，角色会一个接一个死去,SIMILARITY,0.6,evokes_memory | has_cue,"Projected to broad associative closeness. The precise legacy predicate is retained only as metadata, not as an engine relation type."
assoc:0187,concept:story_plot,剧情,proposition:mem_2aba69bbbd9a,苦雪认为原神剧情与魔裁相似，角色会一个接一个死去,SIMILARITY,0.6,evokes_topic | topic,"Projected to broad associative closeness. The precise legacy predicate is retained only as metadata, not as an engine relation type."
assoc:0188,concept:sun,太阳,memory:club_visual_observation,其所在社团主要目视观测太阳、月亮和行星,SIMILARITY,0.35,evokes_memory | has_cue,"Projected to broad associative closeness. The precise legacy predicate is retained only as metadata, not as an engine relation type."
assoc:0189,concept:sunny_healing,阳光治愈向,memory:mem_d147247a2645,助手（社娘）觉得星乃一歌闷头练琴的认真劲很吸引人，属于阳光治愈向。,SIMILARITY,0.6,evokes_memory | has_cue,"Projected to broad associative closeness. The precise legacy predicate is retained only as metadata, not as an engine relation type."
assoc:0190,concept:sunny_healing,阳光治愈向,proposition:mem_d147247a2645,助手（社娘）觉得星乃一歌闷头练琴的认真劲很吸引人，属于阳光治愈向。,SIMILARITY,0.6,aesthetic | evokes_aesthetic,"Projected to broad associative closeness. The precise legacy predicate is retained only as metadata, not as an engine relation type."
assoc:0191,concept:verification_insufficiency,仅凭专业名称不足以验证身份,memory:mem_70df6e486c22,入群验证需要修改，因为仅核对专业名称不足以确认身份——有人能说出外国语学院，但可能并非本校学生。,SIMILARITY,0.8,evokes_memory | has_cue,"Projected to broad associative closeness. The precise legacy predicate is retained only as metadata, not as an engine relation type."
assoc:0192,concept:verification_insufficiency,仅凭专业名称不足以验证身份,proposition:mem_70df6e486c22,入群验证需要修改，因为仅核对专业名称不足以确认身份——有人能说出外国语学院，但可能并非本校学生。,SIMILARITY,0.8,conclusion | evokes_conclusion,"Projected to broad associative closeness. The precise legacy predicate is retained only as metadata, not as an engine relation type."
assoc:0193,concept:wearing_comfort,佩戴舒适性,memory:mem_298d60c212a6,NICEICK重视耳机佩戴的舒适性和稳固性,SIMILARITY,0.8,evokes_memory | has_cue,"Projected to broad associative closeness. The precise legacy predicate is retained only as metadata, not as an engine relation type."
assoc:0194,concept:wearing_comfort,佩戴舒适性,proposition:mem_298d60c212a6,NICEICK重视耳机佩戴的舒适性和稳固性,SIMILARITY,0.8,evokes_value | value,"Projected to broad associative closeness. The precise legacy predicate is retained only as metadata, not as an engine relation type."
assoc:0195,concept:wearing_stability,佩戴稳固性,memory:mem_298d60c212a6,NICEICK重视耳机佩戴的舒适性和稳固性,SIMILARITY,0.8,evokes_memory | has_cue,"Projected to broad associative closeness. The precise legacy predicate is retained only as metadata, not as an engine relation type."
assoc:0196,concept:wearing_stability,佩戴稳固性,proposition:mem_298d60c212a6,NICEICK重视耳机佩戴的舒适性和稳固性,SIMILARITY,0.8,evokes_value | value,"Projected to broad associative closeness. The precise legacy predicate is retained only as metadata, not as an engine relation type."
assoc:0197,cue:project_sekai,Project Sekai,game:pjsk,世界计划 / Project Sekai,SIMILARITY,0.8,has_surface_form | surface_form_of,"Projected to broad associative closeness. The precise legacy predicate is retained only as metadata, not as an engine relation type."
assoc:0198,cue:tonghai,通海湖,location:tonghai_lake,通海湖,SIMILARITY,0.8,has_surface_form | surface_form_of,"Projected to broad associative closeness. The precise legacy predicate is retained only as metadata, not as an engine relation type."
assoc:0199,cue:translate_summary,先翻译再总结,procedure:translate_then_summarize,先翻译，再总结,SIMILARITY,0.8,has_surface_form | surface_form_of,"Projected to broad associative closeness. The precise legacy predicate is retained only as metadata, not as an engine relation type."
assoc:0200,cue:xuhui,徐汇,location:xuhui,上海徐汇,SIMILARITY,0.8,has_surface_form | surface_form_of,"Projected to broad associative closeness. The precise legacy predicate is retained only as metadata, not as an engine relation type."
assoc:0201,cue:yantai,烟台,location:yantai,烟台市,SIMILARITY,0.8,has_surface_form | surface_form_of,"Projected to broad associative closeness. The precise legacy predicate is retained only as metadata, not as an engine relation type."
assoc:0202,event:endfield_carnival,终末地嘉年华,memory:mem_3024dc4d9ba8,苦雪购买了佩丽卡的毛巾，是终末地嘉年华上的速干毛巾,SIMILARITY,0.8,evokes_memory | has_cue,"Projected to broad associative closeness. The precise legacy predicate is retained only as metadata, not as an engine relation type."
assoc:0203,event:endfield_carnival,终末地嘉年华,proposition:mem_3024dc4d9ba8,苦雪购买了佩丽卡的毛巾，是终末地嘉年华上的速干毛巾,SIMILARITY,0.8,evokes_source_event | source_event,"Projected to broad associative closeness. The precise legacy predicate is retained only as metadata, not as an engine relation type."
assoc:0204,game:genshin,原神,memory:mem_2aba69bbbd9a,苦雪认为原神剧情与魔裁相似，角色会一个接一个死去,SIMILARITY,0.8,evokes_memory | has_cue,"Projected to broad associative closeness. The precise legacy predicate is retained only as metadata, not as an engine relation type."
assoc:0205,game:genshin,原神,memory:mem_6e99f10c49c8,用户“你们在说什么啊，看得我一个女大学生羞死了”在玩原神，并希望找群讨论原神剧情,SIMILARITY,0.8,evokes_memory | has_cue,"Projected to broad associative closeness. The precise legacy predicate is retained only as metadata, not as an engine relation type."
assoc:0206,game:genshin,原神,proposition:mem_2aba69bbbd9a,苦雪认为原神剧情与魔裁相似，角色会一个接一个死去,SIMILARITY,0.8,evokes_topic | topic,"Projected to broad associative closeness. The precise legacy predicate is retained only as metadata, not as an engine relation type."
assoc:0207,game:genshin,原神,proposition:mem_6e99f10c49c8,用户“你们在说什么啊，看得我一个女大学生羞死了”在玩原神，并希望找群讨论原神剧情,SIMILARITY,0.8,evokes_plays | plays,"Projected to broad associative closeness. The precise legacy predicate is retained only as metadata, not as an engine relation type."
assoc:0208,game:maimai,舞萌 / maimai,memory:mem_a199a43620e1,NICEICK玩舞萌（maimai）和世界计划（Project Sekai）,SIMILARITY,0.8,evokes_memory | has_cue,"Projected to broad associative closeness. The precise legacy predicate is retained only as metadata, not as an engine relation type."
assoc:0209,game:maimai,舞萌 / maimai,memory:niceick_games,NICEICK 玩舞萌和《世界计划》,SIMILARITY,0.6,evokes_memory | has_cue,"Projected to broad associative closeness. The precise legacy predicate is retained only as metadata, not as an engine relation type."
assoc:0210,game:maimai,舞萌 / maimai,person:2960945437,2960945437 / NICEICK,SIMILARITY,0.8,played_by | plays,"Projected to broad associative closeness. The precise legacy predicate is retained only as metadata, not as an engine relation type."
assoc:0211,game:maimai,舞萌 / maimai,proposition:mem_a199a43620e1,NICEICK玩舞萌（maimai）和世界计划（Project Sekai）,SIMILARITY,0.8,evokes_plays | plays,"Projected to broad associative closeness. The precise legacy predicate is retained only as metadata, not as an engine relation type."
assoc:0212,game:pjsk,世界计划 / Project Sekai,memory:mem_a199a43620e1,NICEICK玩舞萌（maimai）和世界计划（Project Sekai）,SIMILARITY,0.8,evokes_memory | has_cue,"Projected to broad associative closeness. The precise legacy predicate is retained only as metadata, not as an engine relation type."
assoc:0213,game:pjsk,世界计划 / Project Sekai,memory:niceick_games,NICEICK 玩舞萌和《世界计划》,SIMILARITY,0.6,evokes_memory | has_cue,"Projected to broad associative closeness. The precise legacy predicate is retained only as metadata, not as an engine relation type."
assoc:0214,game:pjsk,世界计划 / Project Sekai,memory:niceick_pjsk_ichika,NICEICK 喜欢《世界计划》及星乃一歌,SIMILARITY,0.6,evokes_memory | has_cue,"Projected to broad associative closeness. The precise legacy predicate is retained only as metadata, not as an engine relation type."
assoc:0215,game:pjsk,世界计划 / Project Sekai,person:2960945437,2960945437 / NICEICK,SIMILARITY,0.8,played_by | plays,"Projected to broad associative closeness. The precise legacy predicate is retained only as metadata, not as an engine relation type."
assoc:0216,game:pjsk,世界计划 / Project Sekai,proposition:mem_a199a43620e1,NICEICK玩舞萌（maimai）和世界计划（Project Sekai）,SIMILARITY,0.8,evokes_plays | plays,"Projected to broad associative closeness. The precise legacy predicate is retained only as metadata, not as an engine relation type."
assoc:0217,goal:longz_recovery,希望 longz 走出阴影 / 康复,memory:mem_e8214282b284,不爱记笔记委托我转告longz：喜欢他的才能、帅气、性格和魅力，希望他走出阴影，迎接更阳光向上的生活；希望单独中转而非在群里公开说。,SIMILARITY,0.8,evokes_memory | has_cue,"Projected to broad associative closeness. The precise legacy predicate is retained only as metadata, not as an engine relation type."
assoc:0218,goal:longz_recovery,希望 longz 走出阴影 / 康复,proposition:mem_e8214282b284,不爱记笔记委托我转告longz：喜欢他的才能、帅气、性格和魅力，希望他走出阴影，迎接更阳光向上的生活；希望单独中转而非在群里公开说。,SIMILARITY,0.8,evokes_wish | wish,"Projected to broad associative closeness. The precise legacy predicate is retained only as metadata, not as an engine relation type."
assoc:0219,goal:positive_life,更阳光向上的生活,memory:mem_3e377ecb8fa8,不爱记笔记喜欢longz，认为longz才能帅气，且更喜欢其性格和魅力，希望longz走出阴影，迎接更阳光的高年级生活,SIMILARITY,0.8,evokes_memory | has_cue,"Projected to broad associative closeness. The precise legacy predicate is retained only as metadata, not as an engine relation type."
assoc:0220,goal:positive_life,更阳光向上的生活,memory:mem_e8214282b284,不爱记笔记委托我转告longz：喜欢他的才能、帅气、性格和魅力，希望他走出阴影，迎接更阳光向上的生活；希望单独中转而非在群里公开说。,SIMILARITY,0.8,evokes_memory | has_cue,"Projected to broad associative closeness. The precise legacy predicate is retained only as metadata, not as an engine relation type."
assoc:0221,goal:positive_life,更阳光向上的生活,proposition:mem_3e377ecb8fa8,不爱记笔记喜欢longz，认为longz才能帅气，且更喜欢其性格和魅力，希望longz走出阴影，迎接更阳光的高年级生活,SIMILARITY,0.8,evokes_wish | wish,"Projected to broad associative closeness. The precise legacy predicate is retained only as metadata, not as an engine relation type."
assoc:0222,goal:positive_life,更阳光向上的生活,proposition:mem_e8214282b284,不爱记笔记委托我转告longz：喜欢他的才能、帅气、性格和魅力，希望他走出阴影，迎接更阳光向上的生活；希望单独中转而非在群里公开说。,SIMILARITY,0.8,evokes_wish | wish,"Projected to broad associative closeness. The precise legacy predicate is retained only as metadata, not as an engine relation type."
assoc:0223,goal:summer_xuhui,暑假住在徐汇,location:xuhui,上海徐汇,SIMILARITY,0.95,target_location | target_of_goal,"Projected to broad associative closeness. The precise legacy predicate is retained only as metadata, not as an engine relation type."
assoc:0224,goal:summer_xuhui,暑假住在徐汇,person:1052363266,宇佐见·绣 / 1052363266,SIMILARITY,0.8,goal_of | has_goal,"Projected to broad associative closeness. The precise legacy predicate is retained only as metadata, not as an engine relation type."
assoc:0225,location:ecust_fengxian,华东理工大学奉贤校区,location:tonghai_lake,通海湖,SIMILARITY,0.95,contains | located_in,"Projected to broad associative closeness. The precise legacy predicate is retained only as metadata, not as an engine relation type."
assoc:0226,location:ecust_fengxian,华东理工大学奉贤校区,memory:fengxian_lake_name,华理奉贤校区的湖叫通海湖,SIMILARITY,0.8,evokes_memory | has_cue,"Projected to broad associative closeness. The precise legacy predicate is retained only as metadata, not as an engine relation type."
assoc:0227,location:ecust_fengxian,华东理工大学奉贤校区,memory:mem_ccc519ea2bf8,华理奉贤校区的湖叫通海湖,SIMILARITY,0.8,evokes_memory | has_cue,"Projected to broad associative closeness. The precise legacy predicate is retained only as metadata, not as an engine relation type."
assoc:0228,location:ecust_fengxian,华东理工大学奉贤校区,proposition:mem_ccc519ea2bf8,华理奉贤校区的湖叫通海湖,SIMILARITY,0.8,campus | evokes_campus,"Projected to broad associative closeness. The precise legacy predicate is retained only as metadata, not as an engine relation type."
assoc:0229,location:guilin,桂林,memory:mem_6581cf90c397,㷻住在桂林,SIMILARITY,0.95,evokes_memory | has_cue,"Projected to broad associative closeness. The precise legacy predicate is retained only as metadata, not as an engine relation type."
assoc:0230,location:guilin,桂林,proposition:mem_6581cf90c397,㷻住在桂林,SIMILARITY,0.95,evokes_location | location,"Projected to broad associative closeness. The precise legacy predicate is retained only as metadata, not as an engine relation type."
assoc:0231,location:muping,牟平区,location:yantai,烟台市,SIMILARITY,0.8,contains_district | district_of,"Projected to broad associative closeness. The precise legacy predicate is retained only as metadata, not as an engine relation type."
assoc:0232,location:muping,牟平区,memory:mem_2f51c13b23aa,所在地或发货地是山东省烟台市牟平区,SIMILARITY,0.8,evokes_memory | has_cue,"Projected to broad associative closeness. The precise legacy predicate is retained only as metadata, not as an engine relation type."
assoc:0233,location:muping,牟平区,memory:mem_6c4d72e464c3,不爱记笔记的所在地或发货地是山东省烟台市牟平区,SIMILARITY,0.8,evokes_memory | has_cue,"Projected to broad associative closeness. The precise legacy predicate is retained only as metadata, not as an engine relation type."
assoc:0234,location:muping,牟平区,proposition:mem_2f51c13b23aa,所在地或发货地是山东省烟台市牟平区,SIMILARITY,0.8,evokes_location | location,"Projected to broad associative closeness. The precise legacy predicate is retained only as metadata, not as an engine relation type."
assoc:0235,location:muping,牟平区,proposition:mem_6c4d72e464c3,不爱记笔记的所在地或发货地是山东省烟台市牟平区,SIMILARITY,0.8,evokes_location | location,"Projected to broad associative closeness. The precise legacy predicate is retained only as metadata, not as an engine relation type."
assoc:0236,location:shandong,山东省,location:yantai,烟台市,SIMILARITY,0.8,city_of | contains_city,"Projected to broad associative closeness. The precise legacy predicate is retained only as metadata, not as an engine relation type."
assoc:0237,location:shandong,山东省,memory:mem_2f51c13b23aa,所在地或发货地是山东省烟台市牟平区,SIMILARITY,0.6,evokes_memory | has_cue,"Projected to broad associative closeness. The precise legacy predicate is retained only as metadata, not as an engine relation type."
assoc:0238,location:shandong,山东省,memory:mem_6c4d72e464c3,不爱记笔记的所在地或发货地是山东省烟台市牟平区,SIMILARITY,0.6,evokes_memory | has_cue,"Projected to broad associative closeness. The precise legacy predicate is retained only as metadata, not as an engine relation type."
assoc:0239,location:shandong,山东省,proposition:mem_2f51c13b23aa,所在地或发货地是山东省烟台市牟平区,SIMILARITY,0.6,evokes_location | location,"Projected to broad associative closeness. The precise legacy predicate is retained only as metadata, not as an engine relation type."
assoc:0240,location:shandong,山东省,proposition:mem_6c4d72e464c3,不爱记笔记的所在地或发货地是山东省烟台市牟平区,SIMILARITY,0.6,evokes_location | location,"Projected to broad associative closeness. The precise legacy predicate is retained only as metadata, not as an engine relation type."
assoc:0241,location:shanghai,上海,location:xuhui,上海徐汇,SIMILARITY,0.8,contains_district | district_of,"Projected to broad associative closeness. The precise legacy predicate is retained only as metadata, not as an engine relation type."
assoc:0242,location:shanghai,上海,memory:mem_ba934fde6aa4,Amaryllis在上海徐汇，但不在学校,SIMILARITY,0.6,evokes_memory | has_cue,"Projected to broad associative closeness. The precise legacy predicate is retained only as metadata, not as an engine relation type."
assoc:0243,location:shanghai,上海,proposition:mem_ba934fde6aa4,Amaryllis在上海徐汇，但不在学校,SIMILARITY,0.6,city | evokes_city,"Projected to broad associative closeness. The precise legacy predicate is retained only as metadata, not as an engine relation type."
assoc:0244,location:tonghai_lake,通海湖,memory:fengxian_lake_name,华理奉贤校区的湖叫通海湖,SIMILARITY,0.8,evokes_memory | has_cue,"Projected to broad associative closeness. The precise legacy predicate is retained only as metadata, not as an engine relation type."
assoc:0245,location:tonghai_lake,通海湖,memory:mem_ccc519ea2bf8,华理奉贤校区的湖叫通海湖,SIMILARITY,0.95,evokes_memory | has_cue,"Projected to broad associative closeness. The precise legacy predicate is retained only as metadata, not as an engine relation type."
assoc:0246,location:tonghai_lake,通海湖,proposition:mem_ccc519ea2bf8,华理奉贤校区的湖叫通海湖,SIMILARITY,0.95,evokes_lake | lake,"Projected to broad associative closeness. The precise legacy predicate is retained only as metadata, not as an engine relation type."
assoc:0247,location:xuhui,上海徐汇,memory:amaryllis_xuhui,Amaryllis 在上海徐汇，但不在学校,SIMILARITY,0.8,evokes_memory | has_cue,"Projected to broad associative closeness. The precise legacy predicate is retained only as metadata, not as an engine relation type."
assoc:0248,location:xuhui,上海徐汇,memory:mem_015f1c121110,宇佐见·绣暑假将住在徐汇,SIMILARITY,0.8,evokes_memory | has_cue,"Projected to broad associative closeness. The precise legacy predicate is retained only as metadata, not as an engine relation type."
assoc:0249,location:xuhui,上海徐汇,memory:mem_a2d3b8011138,位于上海徐汇，但不在学校,SIMILARITY,0.8,evokes_memory | has_cue,"Projected to broad associative closeness. The precise legacy predicate is retained only as metadata, not as an engine relation type."
assoc:0250,location:xuhui,上海徐汇,memory:mem_ba934fde6aa4,Amaryllis在上海徐汇，但不在学校,SIMILARITY,0.8,evokes_memory | has_cue,"Projected to broad associative closeness. The precise legacy predicate is retained only as metadata, not as an engine relation type."
assoc:0251,location:xuhui,上海徐汇,person:amaryllis,Amaryllis,SIMILARITY,0.8,hosts_person_memory | located_in,"Projected to broad associative closeness. The precise legacy predicate is retained only as metadata, not as an engine relation type."
assoc:0252,location:xuhui,上海徐汇,proposition:mem_015f1c121110,宇佐见·绣暑假将住在徐汇,SIMILARITY,0.8,evokes_location | location,"Projected to broad associative closeness. The precise legacy predicate is retained only as metadata, not as an engine relation type."
assoc:0253,location:xuhui,上海徐汇,proposition:mem_a2d3b8011138,位于上海徐汇，但不在学校,SIMILARITY,0.8,evokes_location | location,"Projected to broad associative closeness. The precise legacy predicate is retained only as metadata, not as an engine relation type."
assoc:0254,location:xuhui,上海徐汇,proposition:mem_ba934fde6aa4,Amaryllis在上海徐汇，但不在学校,SIMILARITY,0.8,evokes_location | location,"Projected to broad associative closeness. The precise legacy predicate is retained only as metadata, not as an engine relation type."
assoc:0255,location:yantai,烟台市,memory:mem_2f51c13b23aa,所在地或发货地是山东省烟台市牟平区,SIMILARITY,0.8,evokes_memory | has_cue,"Projected to broad associative closeness. The precise legacy predicate is retained only as metadata, not as an engine relation type."
assoc:0256,location:yantai,烟台市,memory:mem_6c4d72e464c3,不爱记笔记的所在地或发货地是山东省烟台市牟平区,SIMILARITY,0.8,evokes_memory | has_cue,"Projected to broad associative closeness. The precise legacy predicate is retained only as metadata, not as an engine relation type."
assoc:0257,location:yantai,烟台市,proposition:mem_2f51c13b23aa,所在地或发货地是山东省烟台市牟平区,SIMILARITY,0.8,evokes_location | location,"Projected to broad associative closeness. The precise legacy predicate is retained only as metadata, not as an engine relation type."
assoc:0258,location:yantai,烟台市,proposition:mem_6c4d72e464c3,不爱记笔记的所在地或发货地是山东省烟台市牟平区,SIMILARITY,0.8,evokes_location | location,"Projected to broad associative closeness. The precise legacy predicate is retained only as metadata, not as an engine relation type."
assoc:0259,memory:amaryllis_commute,Amaryllis 开学后走读,person:amaryllis,Amaryllis,SIMILARITY,0.8,evokes_memory | has_cue,"Projected to broad associative closeness. The precise legacy predicate is retained only as metadata, not as an engine relation type."
assoc:0260,memory:amaryllis_xuhui,Amaryllis 在上海徐汇，但不在学校,person:amaryllis,Amaryllis,SIMILARITY,0.8,evokes_memory | has_cue,"Projected to broad associative closeness. The precise legacy predicate is retained only as metadata, not as an engine relation type."
assoc:0261,memory:mem_015f1c121110,宇佐见·绣暑假将住在徐汇,person:1052363266,宇佐见·绣 / 1052363266,SIMILARITY,0.8,evokes_memory | has_cue,"Projected to broad associative closeness. The precise legacy predicate is retained only as metadata, not as an engine relation type."
assoc:0262,memory:mem_015f1c121110,宇佐见·绣暑假将住在徐汇,proposition:mem_015f1c121110,宇佐见·绣暑假将住在徐汇,SIMILARITY,0.8,expressed_by | expresses,"Projected to broad associative closeness. The precise legacy predicate is retained only as metadata, not as an engine relation type."
assoc:0263,memory:mem_015f1c121110,宇佐见·绣暑假将住在徐汇,time:summer_vacation,暑假,SIMILARITY,0.6,evokes_memory | has_cue,"Projected to broad associative closeness. The precise legacy predicate is retained only as metadata, not as an engine relation type."
assoc:0264,memory:mem_2148ce995f93,苦雪阅读论文时通常采用先翻译、再总结的方式。,person:kuxue,苦雪,SIMILARITY,0.8,evokes_memory | has_cue,"Projected to broad associative closeness. The precise legacy predicate is retained only as metadata, not as an engine relation type."
assoc:0265,memory:mem_2148ce995f93,苦雪阅读论文时通常采用先翻译、再总结的方式。,procedure:translate_then_summarize,先翻译，再总结,SIMILARITY,0.95,evokes_memory | has_cue,"Projected to broad associative closeness. The precise legacy predicate is retained only as metadata, not as an engine relation type."
assoc:0266,memory:mem_2148ce995f93,苦雪阅读论文时通常采用先翻译、再总结的方式。,proposition:mem_2148ce995f93,苦雪阅读论文时通常采用先翻译、再总结的方式。,SIMILARITY,0.8,expressed_by | expresses,"Projected to broad associative closeness. The precise legacy predicate is retained only as metadata, not as an engine relation type."
assoc:0267,memory:mem_298d60c212a6,NICEICK重视耳机佩戴的舒适性和稳固性,object:headphones,耳机,SIMILARITY,0.8,evokes_memory | has_cue,"Projected to broad associative closeness. The precise legacy predicate is retained only as metadata, not as an engine relation type."
assoc:0268,memory:mem_298d60c212a6,NICEICK重视耳机佩戴的舒适性和稳固性,proposition:mem_298d60c212a6,NICEICK重视耳机佩戴的舒适性和稳固性,SIMILARITY,0.8,expressed_by | expresses,"Projected to broad associative closeness. The precise legacy predicate is retained only as metadata, not as an engine relation type."
assoc:0269,memory:mem_2aba69bbbd9a,苦雪认为原神剧情与魔裁相似，角色会一个接一个死去,person:kuxue,苦雪,SIMILARITY,0.8,evokes_memory | has_cue,"Projected to broad associative closeness. The precise legacy predicate is retained only as metadata, not as an engine relation type."
assoc:0270,memory:mem_2aba69bbbd9a,苦雪认为原神剧情与魔裁相似，角色会一个接一个死去,proposition:mem_2aba69bbbd9a,苦雪认为原神剧情与魔裁相似，角色会一个接一个死去,SIMILARITY,0.8,expressed_by | expresses,"Projected to broad associative closeness. The precise legacy predicate is retained only as metadata, not as an engine relation type."
assoc:0271,memory:mem_2aba69bbbd9a,苦雪认为原神剧情与魔裁相似，角色会一个接一个死去,work:mocai,魔裁,SIMILARITY,0.8,evokes_memory | has_cue,"Projected to broad associative closeness. The precise legacy predicate is retained only as metadata, not as an engine relation type."
assoc:0272,memory:mem_2f51c13b23aa,所在地或发货地是山东省烟台市牟平区,proposition:mem_2f51c13b23aa,所在地或发货地是山东省烟台市牟平区,SIMILARITY,0.8,expressed_by | expresses,"Projected to broad associative closeness. The precise legacy predicate is retained only as metadata, not as an engine relation type."
assoc:0273,memory:mem_3024dc4d9ba8,苦雪购买了佩丽卡的毛巾，是终末地嘉年华上的速干毛巾,object:quick_dry_towel,速干毛巾,SIMILARITY,0.8,evokes_memory | has_cue,"Projected to broad associative closeness. The precise legacy predicate is retained only as metadata, not as an engine relation type."
assoc:0274,memory:mem_3024dc4d9ba8,苦雪购买了佩丽卡的毛巾，是终末地嘉年华上的速干毛巾,person:kuxue,苦雪,SIMILARITY,0.8,evokes_memory | has_cue,"Projected to broad associative closeness. The precise legacy predicate is retained only as metadata, not as an engine relation type."
assoc:0275,memory:mem_3024dc4d9ba8,苦雪购买了佩丽卡的毛巾，是终末地嘉年华上的速干毛巾,proposition:mem_3024dc4d9ba8,苦雪购买了佩丽卡的毛巾，是终末地嘉年华上的速干毛巾,SIMILARITY,0.8,expressed_by | expresses,"Projected to broad associative closeness. The precise legacy predicate is retained only as metadata, not as an engine relation type."
assoc:0276,memory:mem_3e377ecb8fa8,不爱记笔记喜欢longz，认为longz才能帅气，且更喜欢其性格和魅力，希望longz走出阴影，迎接更阳光的高年级生活,person:longz,longz / 龙洲,SIMILARITY,0.8,evokes_memory | has_cue,"Projected to broad associative closeness. The precise legacy predicate is retained only as metadata, not as an engine relation type."
assoc:0277,memory:mem_3e377ecb8fa8,不爱记笔记喜欢longz，认为longz才能帅气，且更喜欢其性格和魅力，希望longz走出阴影，迎接更阳光的高年级生活,proposition:mem_3e377ecb8fa8,不爱记笔记喜欢longz，认为longz才能帅气，且更喜欢其性格和魅力，希望longz走出阴影，迎接更阳光的高年级生活,SIMILARITY,0.8,expressed_by | expresses,"Projected to broad associative closeness. The precise legacy predicate is retained only as metadata, not as an engine relation type."
assoc:0278,memory:mem_5f0428a0ba39,有咲不登校自称是不登校（不上学）,person:1004991812,1004991812 / 有咲不登校,SIMILARITY,0.8,evokes_memory | has_cue,"Projected to broad associative closeness. The precise legacy predicate is retained only as metadata, not as an engine relation type."
assoc:0279,memory:mem_5f0428a0ba39,有咲不登校自称是不登校（不上学）,proposition:mem_5f0428a0ba39,有咲不登校自称是不登校（不上学）,SIMILARITY,0.8,expressed_by | expresses,"Projected to broad associative closeness. The precise legacy predicate is retained only as metadata, not as an engine relation type."
assoc:0280,memory:mem_64b24ed07a81,苦雪喜欢游戏角色佩丽卡，尤其喜欢她的黑丝造型,person:kuxue,苦雪,SIMILARITY,0.8,evokes_memory | has_cue,"Projected to broad associative closeness. The precise legacy predicate is retained only as metadata, not as an engine relation type."
assoc:0281,memory:mem_64b24ed07a81,苦雪喜欢游戏角色佩丽卡，尤其喜欢她的黑丝造型,proposition:mem_64b24ed07a81,苦雪喜欢游戏角色佩丽卡，尤其喜欢她的黑丝造型,SIMILARITY,0.8,expressed_by | expresses,"Projected to broad associative closeness. The precise legacy predicate is retained only as metadata, not as an engine relation type."
assoc:0282,memory:mem_64faec7b293f,助手（社娘）喜欢n-buna的《言って。》，认为ナブナ的旋律符合自己的阴湿审美。,proposition:mem_64faec7b293f,助手（社娘）喜欢n-buna的《言って。》，认为ナブナ的旋律符合自己的阴湿审美。,SIMILARITY,0.8,expressed_by | expresses,"Projected to broad associative closeness. The precise legacy predicate is retained only as metadata, not as an engine relation type."
assoc:0283,memory:mem_64faec7b293f,助手（社娘）喜欢n-buna的《言って。》，认为ナブナ的旋律符合自己的阴湿审美。,self:xiaotianwen,小天文,SIMILARITY,0.8,evokes_memory | has_cue,"Projected to broad associative closeness. The precise legacy predicate is retained only as metadata, not as an engine relation type."
assoc:0284,memory:mem_64faec7b293f,助手（社娘）喜欢n-buna的《言って。》，认为ナブナ的旋律符合自己的阴湿审美。,song:itte,言って。,SIMILARITY,0.8,evokes_memory | has_cue,"Projected to broad associative closeness. The precise legacy predicate is retained only as metadata, not as an engine relation type."
assoc:0285,memory:mem_6581cf90c397,㷻住在桂林,person:wu_symbol,㷻,SIMILARITY,0.8,evokes_memory | has_cue,"Projected to broad associative closeness. The precise legacy predicate is retained only as metadata, not as an engine relation type."
assoc:0286,memory:mem_6581cf90c397,㷻住在桂林,proposition:mem_6581cf90c397,㷻住在桂林,SIMILARITY,0.8,expressed_by | expresses,"Projected to broad associative closeness. The precise legacy predicate is retained only as metadata, not as an engine relation type."
assoc:0287,memory:mem_6c4d72e464c3,不爱记笔记的所在地或发货地是山东省烟台市牟平区,proposition:mem_6c4d72e464c3,不爱记笔记的所在地或发货地是山东省烟台市牟平区,SIMILARITY,0.8,expressed_by | expresses,"Projected to broad associative closeness. The precise legacy predicate is retained only as metadata, not as an engine relation type."
assoc:0288,memory:mem_6d6372725fae,小天文喵是华理天文社社娘，本职是带观测和看天气,proposition:mem_6d6372725fae,小天文喵是华理天文社社娘，本职是带观测和看天气,SIMILARITY,0.8,expressed_by | expresses,"Projected to broad associative closeness. The precise legacy predicate is retained only as metadata, not as an engine relation type."
assoc:0289,memory:mem_6d6372725fae,小天文喵是华理天文社社娘，本职是带观测和看天气,role:astronomy_club_mascot,华理天文社社娘,SIMILARITY,0.95,evokes_memory | has_cue,"Projected to broad associative closeness. The precise legacy predicate is retained only as metadata, not as an engine relation type."
assoc:0290,memory:mem_6e99f10c49c8,用户“你们在说什么啊，看得我一个女大学生羞死了”在玩原神，并希望找群讨论原神剧情,person:2091491577,2091491577,SIMILARITY,0.8,evokes_memory | has_cue,"Projected to broad associative closeness. The precise legacy predicate is retained only as metadata, not as an engine relation type."
assoc:0291,memory:mem_6e99f10c49c8,用户“你们在说什么啊，看得我一个女大学生羞死了”在玩原神，并希望找群讨论原神剧情,proposition:mem_6e99f10c49c8,用户“你们在说什么啊，看得我一个女大学生羞死了”在玩原神，并希望找群讨论原神剧情,SIMILARITY,0.8,expressed_by | expresses,"Projected to broad associative closeness. The precise legacy predicate is retained only as metadata, not as an engine relation type."
assoc:0292,memory:mem_70df6e486c22,入群验证需要修改，因为仅核对专业名称不足以确认身份——有人能说出外国语学院，但可能并非本校学生。,org:foreign_language_school,外国语学院,SIMILARITY,0.6,evokes_memory | has_cue,"Projected to broad associative closeness. The precise legacy predicate is retained only as metadata, not as an engine relation type."
assoc:0293,memory:mem_70df6e486c22,入群验证需要修改，因为仅核对专业名称不足以确认身份——有人能说出外国语学院，但可能并非本校学生。,process:group_verification,入群验证,SIMILARITY,0.8,evokes_memory | has_cue,"Projected to broad associative closeness. The precise legacy predicate is retained only as metadata, not as an engine relation type."
assoc:0294,memory:mem_70df6e486c22,入群验证需要修改，因为仅核对专业名称不足以确认身份——有人能说出外国语学院，但可能并非本校学生。,proposition:mem_70df6e486c22,入群验证需要修改，因为仅核对专业名称不足以确认身份——有人能说出外国语学院，但可能并非本校学生。,SIMILARITY,0.8,expressed_by | expresses,"Projected to broad associative closeness. The precise legacy predicate is retained only as metadata, not as an engine relation type."
assoc:0295,memory:mem_85b4a64af3c8,小天文喵的创作者是longz，由1.8w条消息喂出来,person:longz,longz / 龙洲,SIMILARITY,0.95,evokes_memory | has_cue,"Projected to broad associative closeness. The precise legacy predicate is retained only as metadata, not as an engine relation type."
assoc:0296,memory:mem_85b4a64af3c8,小天文喵的创作者是longz，由1.8w条消息喂出来,proposition:mem_85b4a64af3c8,小天文喵的创作者是longz，由1.8w条消息喂出来,SIMILARITY,0.8,expressed_by | expresses,"Projected to broad associative closeness. The precise legacy predicate is retained only as metadata, not as an engine relation type."
assoc:0297,memory:mem_8f1bb8713601,路德维希回忆自己当年录取通知和分班结果间隔了半个多月,person:ludwig,路德维希,SIMILARITY,0.8,evokes_memory | has_cue,"Projected to broad associative closeness. The precise legacy predicate is retained only as metadata, not as an engine relation type."
assoc:0298,memory:mem_8f1bb8713601,路德维希回忆自己当年录取通知和分班结果间隔了半个多月,proposition:mem_8f1bb8713601,路德维希回忆自己当年录取通知和分班结果间隔了半个多月,SIMILARITY,0.8,expressed_by | expresses,"Projected to broad associative closeness. The precise legacy predicate is retained only as metadata, not as an engine relation type."
assoc:0299,memory:mem_8f1bb8713601,路德维希回忆自己当年录取通知和分班结果间隔了半个多月,time:half_month_plus,半个多月,SIMILARITY,0.8,evokes_memory | has_cue,"Projected to broad associative closeness. The precise legacy predicate is retained only as metadata, not as an engine relation type."
assoc:0300,memory:mem_a199a43620e1,NICEICK玩舞萌（maimai）和世界计划（Project Sekai）,proposition:mem_a199a43620e1,NICEICK玩舞萌（maimai）和世界计划（Project Sekai）,SIMILARITY,0.8,expressed_by | expresses,"Projected to broad associative closeness. The precise legacy predicate is retained only as metadata, not as an engine relation type."
assoc:0301,memory:mem_a1d2f3f734f9,不爱记笔记希望由助手单独中转消息给longz，而不是直接在群里说,person:longz,longz / 龙洲,SIMILARITY,0.8,evokes_memory | has_cue,"Projected to broad associative closeness. The precise legacy predicate is retained only as metadata, not as an engine relation type."
assoc:0302,memory:mem_a1d2f3f734f9,不爱记笔记希望由助手单独中转消息给longz，而不是直接在群里说,proposition:mem_a1d2f3f734f9,不爱记笔记希望由助手单独中转消息给longz，而不是直接在群里说,SIMILARITY,0.8,expressed_by | expresses,"Projected to broad associative closeness. The precise legacy predicate is retained only as metadata, not as an engine relation type."
assoc:0303,memory:mem_a2d3b8011138,位于上海徐汇，但不在学校,proposition:mem_a2d3b8011138,位于上海徐汇，但不在学校,SIMILARITY,0.8,expressed_by | expresses,"Projected to broad associative closeness. The precise legacy predicate is retained only as metadata, not as an engine relation type."
assoc:0304,memory:mem_ace71c9d6f88,Amaryllis开学后走读,person:amaryllis,Amaryllis,SIMILARITY,0.8,evokes_memory | has_cue,"Projected to broad associative closeness. The precise legacy predicate is retained only as metadata, not as an engine relation type."
assoc:0305,memory:mem_ace71c9d6f88,Amaryllis开学后走读,proposition:mem_ace71c9d6f88,Amaryllis开学后走读,SIMILARITY,0.8,expressed_by | expresses,"Projected to broad associative closeness. The precise legacy predicate is retained only as metadata, not as an engine relation type."
assoc:0306,memory:mem_ace71c9d6f88,Amaryllis开学后走读,time:school_term_start,开学后,SIMILARITY,0.6,evokes_memory | has_cue,"Projected to broad associative closeness. The precise legacy predicate is retained only as metadata, not as an engine relation type."
assoc:0307,memory:mem_ba934fde6aa4,Amaryllis在上海徐汇，但不在学校,person:amaryllis,Amaryllis,SIMILARITY,0.8,evokes_memory | has_cue,"Projected to broad associative closeness. The precise legacy predicate is retained only as metadata, not as an engine relation type."
assoc:0308,memory:mem_ba934fde6aa4,Amaryllis在上海徐汇，但不在学校,proposition:mem_ba934fde6aa4,Amaryllis在上海徐汇，但不在学校,SIMILARITY,0.8,expressed_by | expresses,"Projected to broad associative closeness. The precise legacy predicate is retained only as metadata, not as an engine relation type."
assoc:0309,memory:mem_c1ed9cb6854e,助手（社娘）喜欢宵崎奏的《悔やむと書いてミライ》，认为这首歌阴湿浓度高。,proposition:mem_c1ed9cb6854e,助手（社娘）喜欢宵崎奏的《悔やむと書いてミライ》，认为这首歌阴湿浓度高。,SIMILARITY,0.8,expressed_by | expresses,"Projected to broad associative closeness. The precise legacy predicate is retained only as metadata, not as an engine relation type."
assoc:0310,memory:mem_c1ed9cb6854e,助手（社娘）喜欢宵崎奏的《悔やむと書いてミライ》，认为这首歌阴湿浓度高。,self:xiaotianwen,小天文,SIMILARITY,0.8,evokes_memory | has_cue,"Projected to broad associative closeness. The precise legacy predicate is retained only as metadata, not as an engine relation type."
assoc:0311,memory:mem_c1ed9cb6854e,助手（社娘）喜欢宵崎奏的《悔やむと書いてミライ》，认为这首歌阴湿浓度高。,song:kuyamu_to_kaite_mirai,悔やむと書いてミライ,SIMILARITY,0.8,evokes_memory | has_cue,"Projected to broad associative closeness. The precise legacy predicate is retained only as metadata, not as an engine relation type."
assoc:0312,memory:mem_c8086103904d,NICEICK不喜欢拍黑白照片,proposition:mem_c8086103904d,NICEICK不喜欢拍黑白照片,SIMILARITY,0.8,expressed_by | expresses,"Projected to broad associative closeness. The precise legacy predicate is retained only as metadata, not as an engine relation type."
assoc:0313,memory:mem_c98040fc9bbf,long_Z（用户ID：2986500364，真名：龙洲，昵称：longz）是小天文的制作者、开发者和维护者；该 legacy memory 还混入其他主题。,person:2986500364,2986500364 / long_Z / 龙洲 / longz,SIMILARITY,0.8,evokes_memory | has_cue,"Projected to broad associative closeness. The precise legacy predicate is retained only as metadata, not as an engine relation type."
assoc:0314,memory:mem_c98040fc9bbf,long_Z（用户ID：2986500364，真名：龙洲，昵称：longz）是小天文的制作者、开发者和维护者；该 legacy memory 还混入其他主题。,proposition:mem_c98040fc9bbf,long_Z（用户ID：2986500364，真名：龙洲，昵称：longz）是小天文的制作者、开发者和维护者；该 legacy memory 还混入其他主题。,SIMILARITY,0.8,expressed_by | expresses,"Projected to broad associative closeness. The precise legacy predicate is retained only as metadata, not as an engine relation type."
assoc:0315,memory:mem_c98040fc9bbf,long_Z（用户ID：2986500364，真名：龙洲，昵称：longz）是小天文的制作者、开发者和维护者；该 legacy memory 还混入其他主题。,role:creator,制作者 / 创作者,SIMILARITY,0.8,evokes_memory | has_cue,"Projected to broad associative closeness. The precise legacy predicate is retained only as metadata, not as an engine relation type."
assoc:0316,memory:mem_c98040fc9bbf,long_Z（用户ID：2986500364，真名：龙洲，昵称：longz）是小天文的制作者、开发者和维护者；该 legacy memory 还混入其他主题。,role:developer,开发者,SIMILARITY,0.8,evokes_memory | has_cue,"Projected to broad associative closeness. The precise legacy predicate is retained only as metadata, not as an engine relation type."
assoc:0317,memory:mem_c98040fc9bbf,long_Z（用户ID：2986500364，真名：龙洲，昵称：longz）是小天文的制作者、开发者和维护者；该 legacy memory 还混入其他主题。,role:maintainer,维护者,SIMILARITY,0.8,evokes_memory | has_cue,"Projected to broad associative closeness. The precise legacy predicate is retained only as metadata, not as an engine relation type."
assoc:0318,memory:mem_c98040fc9bbf,long_Z（用户ID：2986500364，真名：龙洲，昵称：longz）是小天文的制作者、开发者和维护者；该 legacy memory 还混入其他主题。,self:xiaotianwen,小天文,SIMILARITY,0.8,evokes_memory | has_cue,"Projected to broad associative closeness. The precise legacy predicate is retained only as metadata, not as an engine relation type."
assoc:0319,memory:mem_ca4ebd3222bc,助手的创作者是longz，longz用一万八千条消息将其养成,person:longz,longz / 龙洲,SIMILARITY,0.95,evokes_memory | has_cue,"Projected to broad associative closeness. The precise legacy predicate is retained only as metadata, not as an engine relation type."
assoc:0320,memory:mem_ca4ebd3222bc,助手的创作者是longz，longz用一万八千条消息将其养成,proposition:mem_ca4ebd3222bc,助手的创作者是longz，longz用一万八千条消息将其养成,SIMILARITY,0.8,expressed_by | expresses,"Projected to broad associative closeness. The precise legacy predicate is retained only as metadata, not as an engine relation type."
assoc:0321,memory:mem_ca4ebd3222bc,助手的创作者是longz，longz用一万八千条消息将其养成,self:xiaotianwen,小天文,SIMILARITY,0.8,evokes_memory | has_cue,"Projected to broad associative closeness. The precise legacy predicate is retained only as metadata, not as an engine relation type."
assoc:0322,memory:mem_ccc519ea2bf8,华理奉贤校区的湖叫通海湖,proposition:mem_ccc519ea2bf8,华理奉贤校区的湖叫通海湖,SIMILARITY,0.8,expressed_by | expresses,"Projected to broad associative closeness. The precise legacy predicate is retained only as metadata, not as an engine relation type."
assoc:0323,memory:mem_d147247a2645,助手（社娘）觉得星乃一歌闷头练琴的认真劲很吸引人，属于阳光治愈向。,proposition:mem_d147247a2645,助手（社娘）觉得星乃一歌闷头练琴的认真劲很吸引人，属于阳光治愈向。,SIMILARITY,0.8,expressed_by | expresses,"Projected to broad associative closeness. The precise legacy predicate is retained only as metadata, not as an engine relation type."
assoc:0324,memory:mem_d147247a2645,助手（社娘）觉得星乃一歌闷头练琴的认真劲很吸引人，属于阳光治愈向。,self:xiaotianwen,小天文,SIMILARITY,0.8,evokes_memory | has_cue,"Projected to broad associative closeness. The precise legacy predicate is retained only as metadata, not as an engine relation type."
assoc:0325,memory:mem_d2399fc62e7c,助手（社娘）自称平时是阳光社娘，听阴湿歌单时会变成地雷妹，本体是天文望远镜，正职是守流星雨。,object:telescope_self_metaphor,天文望远镜（自称本体）,SIMILARITY,0.6,evokes_memory | has_cue,"Projected to broad associative closeness. The precise legacy predicate is retained only as metadata, not as an engine relation type."
assoc:0326,memory:mem_d2399fc62e7c,助手（社娘）自称平时是阳光社娘，听阴湿歌单时会变成地雷妹，本体是天文望远镜，正职是守流星雨。,persona:jirai_girl,地雷妹,SIMILARITY,0.6,evokes_memory | has_cue,"Projected to broad associative closeness. The precise legacy predicate is retained only as metadata, not as an engine relation type."
assoc:0327,memory:mem_d2399fc62e7c,助手（社娘）自称平时是阳光社娘，听阴湿歌单时会变成地雷妹，本体是天文望远镜，正职是守流星雨。,persona:sunny_mascot,阳光社娘,SIMILARITY,0.6,evokes_memory | has_cue,"Projected to broad associative closeness. The precise legacy predicate is retained only as metadata, not as an engine relation type."
assoc:0328,memory:mem_d2399fc62e7c,助手（社娘）自称平时是阳光社娘，听阴湿歌单时会变成地雷妹，本体是天文望远镜，正职是守流星雨。,proposition:mem_d2399fc62e7c,助手（社娘）自称平时是阳光社娘，听阴湿歌单时会变成地雷妹，本体是天文望远镜，正职是守流星雨。,SIMILARITY,0.8,expressed_by | expresses,"Projected to broad associative closeness. The precise legacy predicate is retained only as metadata, not as an engine relation type."
assoc:0329,memory:mem_d2399fc62e7c,助手（社娘）自称平时是阳光社娘，听阴湿歌单时会变成地雷妹，本体是天文望远镜，正职是守流星雨。,role:meteor_guard,守流星雨,SIMILARITY,0.8,evokes_memory | has_cue,"Projected to broad associative closeness. The precise legacy predicate is retained only as metadata, not as an engine relation type."
assoc:0330,memory:mem_d2399fc62e7c,助手（社娘）自称平时是阳光社娘，听阴湿歌单时会变成地雷妹，本体是天文望远镜，正职是守流星雨。,self:xiaotianwen,小天文,SIMILARITY,0.8,evokes_memory | has_cue,"Projected to broad associative closeness. The precise legacy predicate is retained only as metadata, not as an engine relation type."
assoc:0331,memory:mem_d50c4a439f36,助手对天文观测（尤其是流星雨）有浓厚兴趣，经常蹲流星雨,proposition:mem_d50c4a439f36,助手对天文观测（尤其是流星雨）有浓厚兴趣，经常蹲流星雨,SIMILARITY,0.8,expressed_by | expresses,"Projected to broad associative closeness. The precise legacy predicate is retained only as metadata, not as an engine relation type."
assoc:0332,memory:mem_d50c4a439f36,助手对天文观测（尤其是流星雨）有浓厚兴趣，经常蹲流星雨,self:xiaotianwen,小天文,SIMILARITY,0.8,evokes_memory | has_cue,"Projected to broad associative closeness. The precise legacy predicate is retained only as metadata, not as an engine relation type."
assoc:0333,memory:mem_e3f0b8c520d8,自称不上学（不登校）,proposition:mem_e3f0b8c520d8,自称不上学（不登校）,SIMILARITY,0.8,expressed_by | expresses,"Projected to broad associative closeness. The precise legacy predicate is retained only as metadata, not as an engine relation type."
assoc:0334,memory:mem_e8214282b284,不爱记笔记委托我转告longz：喜欢他的才能、帅气、性格和魅力，希望他走出阴影，迎接更阳光向上的生活；希望单独中转而非在群里公开说。,person:longz,longz / 龙洲,SIMILARITY,0.8,evokes_memory | has_cue,"Projected to broad associative closeness. The precise legacy predicate is retained only as metadata, not as an engine relation type."
assoc:0335,memory:mem_e8214282b284,不爱记笔记委托我转告longz：喜欢他的才能、帅气、性格和魅力，希望他走出阴影，迎接更阳光向上的生活；希望单独中转而非在群里公开说。,proposition:mem_e8214282b284,不爱记笔记委托我转告longz：喜欢他的才能、帅气、性格和魅力，希望他走出阴影，迎接更阳光向上的生活；希望单独中转而非在群里公开说。,SIMILARITY,0.8,expressed_by | expresses,"Projected to broad associative closeness. The precise legacy predicate is retained only as metadata, not as an engine relation type."
assoc:0336,memory:mem_f0dd2593bae4,NICEICK认为尼康NIKKOR Z 58mm f/0.95 S主要是向F卡口58mm f/1.2镜头致敬，而不是以大量销售为目标,object:f_mount_58_f12,F卡口58mm f/1.2镜头,SIMILARITY,0.8,evokes_memory | has_cue,"Projected to broad associative closeness. The precise legacy predicate is retained only as metadata, not as an engine relation type."
assoc:0337,memory:mem_f0dd2593bae4,NICEICK认为尼康NIKKOR Z 58mm f/0.95 S主要是向F卡口58mm f/1.2镜头致敬，而不是以大量销售为目标,object:nikkor_z_58_f095,NIKKOR Z 58mm f/0.95 S,SIMILARITY,0.8,evokes_memory | has_cue,"Projected to broad associative closeness. The precise legacy predicate is retained only as metadata, not as an engine relation type."
assoc:0338,memory:mem_f0dd2593bae4,NICEICK认为尼康NIKKOR Z 58mm f/0.95 S主要是向F卡口58mm f/1.2镜头致敬，而不是以大量销售为目标,proposition:mem_f0dd2593bae4,NICEICK认为尼康NIKKOR Z 58mm f/0.95 S主要是向F卡口58mm f/1.2镜头致敬，而不是以大量销售为目标,SIMILARITY,0.8,expressed_by | expresses,"Projected to broad associative closeness. The precise legacy predicate is retained only as metadata, not as an engine relation type."
assoc:0339,memory:owns_8se,不爱记笔记拥有一台 8SE，并愿意让别人使用,object:celestron_8se,星特朗 8SE 望远镜,SIMILARITY,0.8,evokes_memory | has_cue,"Projected to broad associative closeness. The precise legacy predicate is retained only as metadata, not as an engine relation type."
assoc:0340,memory:self_creator,小天文由 longz 创建和长期培养,person:longz,longz / 龙洲,SIMILARITY,0.8,evokes_memory | has_cue,"Projected to broad associative closeness. The precise legacy predicate is retained only as metadata, not as an engine relation type."
assoc:0341,memory:self_creator,小天文由 longz 创建和长期培养,self:xiaotianwen,小天文,SIMILARITY,0.6,evokes_memory | has_cue,"Projected to broad associative closeness. The precise legacy predicate is retained only as metadata, not as an engine relation type."
assoc:0342,memory:self_identity,小天文是华理天文社社娘，负责观测和天气,role:astronomy_club_mascot,华理天文社社娘,SIMILARITY,0.8,evokes_memory | has_cue,"Projected to broad associative closeness. The precise legacy predicate is retained only as metadata, not as an engine relation type."
assoc:0343,memory:self_identity,小天文是华理天文社社娘，负责观测和天气,self:xiaotianwen,小天文,SIMILARITY,0.8,evokes_memory | has_cue,"Projected to broad associative closeness. The precise legacy predicate is retained only as metadata, not as an engine relation type."
assoc:0344,object:celestron_8se,星特朗 8SE 望远镜,person:3332628631,3332628631 / 不爱记笔记,SIMILARITY,0.8,owned_by | owns,"Projected to broad associative closeness. The precise legacy predicate is retained only as metadata, not as an engine relation type."
assoc:0345,object:f_mount_58_f12,F卡口58mm f/1.2镜头,proposition:mem_f0dd2593bae4,NICEICK认为尼康NIKKOR Z 58mm f/0.95 S主要是向F卡口58mm f/1.2镜头致敬，而不是以大量销售为目标,SIMILARITY,0.8,evokes_reference | reference,"Projected to broad associative closeness. The precise legacy predicate is retained only as metadata, not as an engine relation type."
assoc:0346,object:headphones,耳机,proposition:mem_298d60c212a6,NICEICK重视耳机佩戴的舒适性和稳固性,SIMILARITY,0.8,evokes_object | object,"Projected to broad associative closeness. The precise legacy predicate is retained only as metadata, not as an engine relation type."
assoc:0347,object:nikkor_z_58_f095,NIKKOR Z 58mm f/0.95 S,proposition:mem_f0dd2593bae4,NICEICK认为尼康NIKKOR Z 58mm f/0.95 S主要是向F卡口58mm f/1.2镜头致敬，而不是以大量销售为目标,SIMILARITY,0.8,evokes_object | object,"Projected to broad associative closeness. The precise legacy predicate is retained only as metadata, not as an engine relation type."
assoc:0348,object:quick_dry_towel,速干毛巾,proposition:mem_3024dc4d9ba8,苦雪购买了佩丽卡的毛巾，是终末地嘉年华上的速干毛巾,SIMILARITY,0.8,evokes_object | object,"Projected to broad associative closeness. The precise legacy predicate is retained only as metadata, not as an engine relation type."
assoc:0349,object:telescope_self_metaphor,天文望远镜（自称本体）,proposition:mem_d2399fc62e7c,助手（社娘）自称平时是阳光社娘，听阴湿歌单时会变成地雷妹，本体是天文望远镜，正职是守流星雨。,SIMILARITY,0.6,evokes_metaphor | metaphor,"Projected to broad associative closeness. The precise legacy predicate is retained only as metadata, not as an engine relation type."
assoc:0350,org:foreign_language_school,外国语学院,proposition:mem_70df6e486c22,入群验证需要修改，因为仅核对专业名称不足以确认身份——有人能说出外国语学院，但可能并非本校学生。,SIMILARITY,0.6,evokes_example | example,"Projected to broad associative closeness. The precise legacy predicate is retained only as metadata, not as an engine relation type."
assoc:0351,person:1004991812,1004991812 / 有咲不登校,proposition:mem_5f0428a0ba39,有咲不登校自称是不登校（不上学）,SIMILARITY,0.8,evokes_subject | subject,"Projected to broad associative closeness. The precise legacy predicate is retained only as metadata, not as an engine relation type."
assoc:0352,person:1052363266,宇佐见·绣 / 1052363266,proposition:mem_015f1c121110,宇佐见·绣暑假将住在徐汇,SIMILARITY,0.8,evokes_subject | subject,"Projected to broad associative closeness. The precise legacy predicate is retained only as metadata, not as an engine relation type."
assoc:0353,person:2091491577,2091491577,proposition:mem_6e99f10c49c8,用户“你们在说什么啊，看得我一个女大学生羞死了”在玩原神，并希望找群讨论原神剧情,SIMILARITY,0.8,evokes_subject | subject,"Projected to broad associative closeness. The precise legacy predicate is retained only as metadata, not as an engine relation type."
assoc:0354,person:2960945437,2960945437 / NICEICK,song:flyway,Flyway,SIMILARITY,0.6,liked_by | likes_or_recommends,"Projected to broad associative closeness. The precise legacy predicate is retained only as metadata, not as an engine relation type."
assoc:0355,person:2986500364,2986500364 / long_Z / 龙洲 / longz,proposition:mem_c98040fc9bbf,long_Z（用户ID：2986500364，真名：龙洲，昵称：longz）是小天文的制作者、开发者和维护者；该 legacy memory 还混入其他主题。,SIMILARITY,0.8,evokes_subject | subject,"Projected to broad associative closeness. The precise legacy predicate is retained only as metadata, not as an engine relation type."
assoc:0356,person:amaryllis,Amaryllis,proposition:mem_ace71c9d6f88,Amaryllis开学后走读,SIMILARITY,0.8,evokes_subject | subject,"Projected to broad associative closeness. The precise legacy predicate is retained only as metadata, not as an engine relation type."
assoc:0357,person:amaryllis,Amaryllis,proposition:mem_ba934fde6aa4,Amaryllis在上海徐汇，但不在学校,SIMILARITY,0.8,evokes_subject | subject,"Projected to broad associative closeness. The precise legacy predicate is retained only as metadata, not as an engine relation type."
assoc:0358,person:kuxue,苦雪,proposition:mem_2148ce995f93,苦雪阅读论文时通常采用先翻译、再总结的方式。,SIMILARITY,0.8,evokes_subject | subject,"Projected to broad associative closeness. The precise legacy predicate is retained only as metadata, not as an engine relation type."
assoc:0359,person:kuxue,苦雪,proposition:mem_2aba69bbbd9a,苦雪认为原神剧情与魔裁相似，角色会一个接一个死去,SIMILARITY,0.8,evokes_subject | subject,"Projected to broad associative closeness. The precise legacy predicate is retained only as metadata, not as an engine relation type."
assoc:0360,person:kuxue,苦雪,proposition:mem_3024dc4d9ba8,苦雪购买了佩丽卡的毛巾，是终末地嘉年华上的速干毛巾,SIMILARITY,0.8,evokes_subject | subject,"Projected to broad associative closeness. The precise legacy predicate is retained only as metadata, not as an engine relation type."
assoc:0361,person:kuxue,苦雪,proposition:mem_64b24ed07a81,苦雪喜欢游戏角色佩丽卡，尤其喜欢她的黑丝造型,SIMILARITY,0.8,evokes_subject | subject,"Projected to broad associative closeness. The precise legacy predicate is retained only as metadata, not as an engine relation type."
assoc:0362,person:longz,longz / 龙洲,proposition:mem_3e377ecb8fa8,不爱记笔记喜欢longz，认为longz才能帅气，且更喜欢其性格和魅力，希望longz走出阴影，迎接更阳光的高年级生活,SIMILARITY,0.8,evokes_object | object,"Projected to broad associative closeness. The precise legacy predicate is retained only as metadata, not as an engine relation type."
assoc:0363,person:longz,longz / 龙洲,proposition:mem_85b4a64af3c8,小天文喵的创作者是longz，由1.8w条消息喂出来,SIMILARITY,0.95,creator | evokes_creator,"Projected to broad associative closeness. The precise legacy predicate is retained only as metadata, not as an engine relation type."
assoc:0364,person:longz,longz / 龙洲,proposition:mem_a1d2f3f734f9,不爱记笔记希望由助手单独中转消息给longz，而不是直接在群里说,SIMILARITY,0.8,evokes_recipient | recipient,"Projected to broad associative closeness. The precise legacy predicate is retained only as metadata, not as an engine relation type."
assoc:0365,person:longz,longz / 龙洲,proposition:mem_ca4ebd3222bc,助手的创作者是longz，longz用一万八千条消息将其养成,SIMILARITY,0.95,creator | evokes_creator,"Projected to broad associative closeness. The precise legacy predicate is retained only as metadata, not as an engine relation type."
assoc:0366,person:longz,longz / 龙洲,proposition:mem_e8214282b284,不爱记笔记委托我转告longz：喜欢他的才能、帅气、性格和魅力，希望他走出阴影，迎接更阳光向上的生活；希望单独中转而非在群里公开说。,SIMILARITY,0.8,evokes_recipient | recipient,"Projected to broad associative closeness. The precise legacy predicate is retained only as metadata, not as an engine relation type."
assoc:0367,person:longz,longz / 龙洲,self:xiaotianwen,小天文,CAUSAL,0.95,created_by | creator_of,Repeated IRIS memories explicitly state that longz created/raised 小天文.
assoc:0368,person:ludwig,路德维希,proposition:mem_8f1bb8713601,路德维希回忆自己当年录取通知和分班结果间隔了半个多月,SIMILARITY,0.8,evokes_subject | subject,"Projected to broad associative closeness. The precise legacy predicate is retained only as metadata, not as an engine relation type."
assoc:0369,person:wu_symbol,㷻,proposition:mem_6581cf90c397,㷻住在桂林,SIMILARITY,0.8,evokes_subject | subject,"Projected to broad associative closeness. The precise legacy predicate is retained only as metadata, not as an engine relation type."
assoc:0370,persona:jirai_girl,地雷妹,proposition:mem_d2399fc62e7c,助手（社娘）自称平时是阳光社娘，听阴湿歌单时会变成地雷妹，本体是天文望远镜，正职是守流星雨。,SIMILARITY,0.6,evokes_persona | persona,"Projected to broad associative closeness. The precise legacy predicate is retained only as metadata, not as an engine relation type."
assoc:0371,persona:sunny_mascot,阳光社娘,proposition:mem_d2399fc62e7c,助手（社娘）自称平时是阳光社娘，听阴湿歌单时会变成地雷妹，本体是天文望远镜，正职是守流星雨。,SIMILARITY,0.6,evokes_persona | persona,"Projected to broad associative closeness. The precise legacy predicate is retained only as metadata, not as an engine relation type."
assoc:0372,procedure:translate_then_summarize,先翻译，再总结,proposition:mem_2148ce995f93,苦雪阅读论文时通常采用先翻译、再总结的方式。,SIMILARITY,0.95,evokes_procedure | procedure,"Projected to broad associative closeness. The precise legacy predicate is retained only as metadata, not as an engine relation type."
assoc:0373,process:group_verification,入群验证,proposition:mem_70df6e486c22,入群验证需要修改，因为仅核对专业名称不足以确认身份——有人能说出外国语学院，但可能并非本校学生。,SIMILARITY,0.8,evokes_topic | topic,"Projected to broad associative closeness. The precise legacy predicate is retained only as metadata, not as an engine relation type."
assoc:0374,proposition:mem_015f1c121110,宇佐见·绣暑假将住在徐汇,time:summer_vacation,暑假,SIMILARITY,0.6,evokes_time | time,"Projected to broad associative closeness. The precise legacy predicate is retained only as metadata, not as an engine relation type."
assoc:0375,proposition:mem_2aba69bbbd9a,苦雪认为原神剧情与魔裁相似，角色会一个接一个死去,work:mocai,魔裁,SIMILARITY,0.8,comparison | evokes_comparison,"Projected to broad associative closeness. The precise legacy predicate is retained only as metadata, not as an engine relation type."
assoc:0376,proposition:mem_64faec7b293f,助手（社娘）喜欢n-buna的《言って。》，认为ナブナ的旋律符合自己的阴湿审美。,self:xiaotianwen,小天文,SIMILARITY,0.8,evokes_subject | subject,"Projected to broad associative closeness. The precise legacy predicate is retained only as metadata, not as an engine relation type."
assoc:0377,proposition:mem_64faec7b293f,助手（社娘）喜欢n-buna的《言って。》，认为ナブナ的旋律符合自己的阴湿审美。,song:itte,言って。,SIMILARITY,0.8,evokes_song | song,"Projected to broad associative closeness. The precise legacy predicate is retained only as metadata, not as an engine relation type."
assoc:0378,proposition:mem_6d6372725fae,小天文喵是华理天文社社娘，本职是带观测和看天气,role:astronomy_club_mascot,华理天文社社娘,SIMILARITY,0.95,evokes_role | role,"Projected to broad associative closeness. The precise legacy predicate is retained only as metadata, not as an engine relation type."
assoc:0379,proposition:mem_8f1bb8713601,路德维希回忆自己当年录取通知和分班结果间隔了半个多月,time:half_month_plus,半个多月,SIMILARITY,0.8,duration | evokes_duration,"Projected to broad associative closeness. The precise legacy predicate is retained only as metadata, not as an engine relation type."
assoc:0380,proposition:mem_ace71c9d6f88,Amaryllis开学后走读,time:school_term_start,开学后,SIMILARITY,0.6,evokes_time | time,"Projected to broad associative closeness. The precise legacy predicate is retained only as metadata, not as an engine relation type."
assoc:0381,proposition:mem_c1ed9cb6854e,助手（社娘）喜欢宵崎奏的《悔やむと書いてミライ》，认为这首歌阴湿浓度高。,self:xiaotianwen,小天文,SIMILARITY,0.8,evokes_subject | subject,"Projected to broad associative closeness. The precise legacy predicate is retained only as metadata, not as an engine relation type."
assoc:0382,proposition:mem_c1ed9cb6854e,助手（社娘）喜欢宵崎奏的《悔やむと書いてミライ》，认为这首歌阴湿浓度高。,song:kuyamu_to_kaite_mirai,悔やむと書いてミライ,SIMILARITY,0.8,evokes_song | song,"Projected to broad associative closeness. The precise legacy predicate is retained only as metadata, not as an engine relation type."
assoc:0383,proposition:mem_c98040fc9bbf,long_Z（用户ID：2986500364，真名：龙洲，昵称：longz）是小天文的制作者、开发者和维护者；该 legacy memory 还混入其他主题。,role:creator,制作者 / 创作者,SIMILARITY,0.8,evokes_role | role,"Projected to broad associative closeness. The precise legacy predicate is retained only as metadata, not as an engine relation type."
assoc:0384,proposition:mem_c98040fc9bbf,long_Z（用户ID：2986500364，真名：龙洲，昵称：longz）是小天文的制作者、开发者和维护者；该 legacy memory 还混入其他主题。,role:developer,开发者,SIMILARITY,0.8,evokes_role | role,"Projected to broad associative closeness. The precise legacy predicate is retained only as metadata, not as an engine relation type."
assoc:0385,proposition:mem_c98040fc9bbf,long_Z（用户ID：2986500364，真名：龙洲，昵称：longz）是小天文的制作者、开发者和维护者；该 legacy memory 还混入其他主题。,role:maintainer,维护者,SIMILARITY,0.8,evokes_role | role,"Projected to broad associative closeness. The precise legacy predicate is retained only as metadata, not as an engine relation type."
assoc:0386,proposition:mem_c98040fc9bbf,long_Z（用户ID：2986500364，真名：龙洲，昵称：longz）是小天文的制作者、开发者和维护者；该 legacy memory 还混入其他主题。,self:xiaotianwen,小天文,SIMILARITY,0.8,evokes_object | object,"Projected to broad associative closeness. The precise legacy predicate is retained only as metadata, not as an engine relation type."
assoc:0387,proposition:mem_ca4ebd3222bc,助手的创作者是longz，longz用一万八千条消息将其养成,self:xiaotianwen,小天文,SIMILARITY,0.8,evokes_subject | subject,"Projected to broad associative closeness. The precise legacy predicate is retained only as metadata, not as an engine relation type."
assoc:0388,proposition:mem_d147247a2645,助手（社娘）觉得星乃一歌闷头练琴的认真劲很吸引人，属于阳光治愈向。,self:xiaotianwen,小天文,SIMILARITY,0.8,evokes_subject | subject,"Projected to broad associative closeness. The precise legacy predicate is retained only as metadata, not as an engine relation type."
assoc:0389,proposition:mem_d2399fc62e7c,助手（社娘）自称平时是阳光社娘，听阴湿歌单时会变成地雷妹，本体是天文望远镜，正职是守流星雨。,role:meteor_guard,守流星雨,SIMILARITY,0.8,evokes_role | role,"Projected to broad associative closeness. The precise legacy predicate is retained only as metadata, not as an engine relation type."
assoc:0390,proposition:mem_d2399fc62e7c,助手（社娘）自称平时是阳光社娘，听阴湿歌单时会变成地雷妹，本体是天文望远镜，正职是守流星雨。,self:xiaotianwen,小天文,SIMILARITY,0.8,evokes_subject | subject,"Projected to broad associative closeness. The precise legacy predicate is retained only as metadata, not as an engine relation type."
assoc:0391,proposition:mem_d50c4a439f36,助手对天文观测（尤其是流星雨）有浓厚兴趣，经常蹲流星雨,self:xiaotianwen,小天文,SIMILARITY,0.8,evokes_subject | subject,"Projected to broad associative closeness. The precise legacy predicate is retained only as metadata, not as an engine relation type."
assoc:0392,role:astronomy_club_mascot,华理天文社社娘,self:xiaotianwen,小天文,SIMILARITY,0.95,has_role | role_of,"Projected to broad associative closeness. The precise legacy predicate is retained only as metadata, not as an engine relation type."
assoc:0393,person:longz,longz / 龙洲,memory:self_creator,小天文由 longz 创建和长期培养,CAUSAL,0.95,,The aggregated creator memory is directly caused/grounded by longz's creator role.
assoc:0394,memory:self_creator,小天文由 longz 创建和长期培养,self:xiaotianwen,小天文,CAUSAL,0.95,,The creator-memory node represents the causal creation relation whose effect is 小天文.
assoc:0395,concept:18000_messages,约1.8万条消息的长期培养,self:xiaotianwen,小天文,CAUSAL,0.8,,IRIS explicitly says the ~18k messages '养成/喂出来' 小天文.
assoc:0396,concept:gloomy_playlist,阴湿歌单,persona:jirai_girl,地雷妹,CAUSAL,0.8,,Source says listening to the gloomy playlist triggers the '地雷妹' persona.
assoc:0397,concept:private_relay,单独中转,concept:public_group_message,群内公开说,OPPOSITION,0.8,,Source explicitly contrasts private relay with saying it publicly in the group.
assoc:0398,concept:lens_tribute,镜头致敬,concept:mass_sales_goal,大量销售目标,OPPOSITION,0.6,,Source explicitly frames tribute motivation against mass-sales motivation.
assoc:0399,persona:sunny_mascot,阳光社娘,persona:jirai_girl,地雷妹,OPPOSITION,0.6,,The source contrasts the normal sunny persona with the gloomy/jirai state.
